from,to,family,chars,exact_needed,reason,priority,owner_decision
/ecc-s4/atp/,/neo/s4-readiness/,/ecc-s4/,376,כן,"רשומה עם 376 תווי טקסט משלה, ואין לה עמוד NEO",P1,"להעביר את התוכן לעמוד NEO מדויק, או לאשר את ההפניה למדור"
/ecc-s4/batch-management-s4/,/neo/s4-readiness/,/ecc-s4/,282,לבדיקה,רשומה עם 282 תווים בלבד; ייתכן שהתוכן חלקי,P1,"להעביר את התוכן לעמוד NEO מדויק, או לאשר את ההפניה למדור"
/ecc-s4/capacity-planning-s4/,/neo/s4-readiness/,/ecc-s4/,407,כן,"רשומה עם 407 תווי טקסט משלה, ואין לה עמוד NEO",P1,"להעביר את התוכן לעמוד NEO מדויק, או לאשר את ההפניה למדור"
/ecc-s4/embedded-analytics/,/neo/s4-readiness/,/ecc-s4/,410,כן,"רשומה עם 410 תווי טקסט משלה, ואין לה עמוד NEO",P1,"להעביר את התוכן לעמוד NEO מדויק, או לאשר את ההפניה למדור"
/ecc-s4/ewm/,/neo/s4-readiness/,/ecc-s4/,362,כן,"רשומה עם 362 תווי טקסט משלה, ואין לה עמוד NEO",P1,"להעביר את התוכן לעמוד NEO מדויק, או לאשר את ההפניה למדור"
/ecc-s4/fiori/,/neo/s4-readiness/,/ecc-s4/,418,כן,"רשומה עם 418 תווי טקסט משלה, ואין לה עמוד NEO",P1,"להעביר את התוכן לעמוד NEO מדויק, או לאשר את ההפניה למדור"
/ecc-s4/foreign-trade/,/neo/s4-readiness/,/ecc-s4/,342,כן,"רשומה עם 342 תווי טקסט משלה, ואין לה עמוד NEO",P1,"להעביר את התוכן לעמוד NEO מדויק, או לאשר את ההפניה למדור"
/ecc-s4/material-ledger/,/neo/s4-readiness/,/ecc-s4/,466,כן,"רשומה עם 466 תווי טקסט משלה, ואין לה עמוד NEO",P1,"להעביר את התוכן לעמוד NEO מדויק, או לאשר את ההפניה למדור"
/ecc-s4/notifications-s4/,/neo/s4-readiness/,/ecc-s4/,321,כן,"רשומה עם 321 תווי טקסט משלה, ואין לה עמוד NEO",P1,"להעביר את התוכן לעמוד NEO מדויק, או לאשר את ההפניה למדור"
/ecc-s4/output-management/,/neo/s4-readiness/,/ecc-s4/,390,כן,"רשומה עם 390 תווי טקסט משלה, ואין לה עמוד NEO",P1,"להעביר את התוכן לעמוד NEO מדויק, או לאשר את ההפניה למדור"
/ecc-s4/plant-maintenance-s4/,/neo/s4-readiness/,/ecc-s4/,391,כן,"רשומה עם 391 תווי טקסט משלה, ואין לה עמוד NEO",P1,"להעביר את התוכן לעמוד NEO מדויק, או לאשר את ההפניה למדור"
/ecc-s4/pp-ds/,/neo/s4-readiness/,/ecc-s4/,375,כן,"רשומה עם 375 תווי טקסט משלה, ואין לה עמוד NEO",P1,"להעביר את התוכן לעמוד NEO מדויק, או לאשר את ההפניה למדור"
/ecc-s4/production-order-s4/,/neo/s4-readiness/,/ecc-s4/,436,כן,"רשומה עם 436 תווי טקסט משלה, ואין לה עמוד NEO",P1,"להעביר את התוכן לעמוד NEO מדויק, או לאשר את ההפניה למדור"
/exits/BADI-EAM-TOB/,/neo/enhancements/,/exits/,506,כן,"רשומה עם 506 תווי טקסט משלה, ואין לה עמוד NEO",P1,"להעביר את התוכן לעמוד NEO מדויק, או לאשר את ההפניה למדור"
/exits/CMOD-SMOD/,/neo/enhancements/,/exits/,305,כן,"רשומה עם 305 תווי טקסט משלה, ואין לה עמוד NEO",P1,"להעביר את התוכן לעמוד NEO מדויק, או לאשר את ההפניה למדור"
/exits/CONFPM01/,/neo/enhancements/,/exits/,534,כן,"רשומה עם 534 תווי טקסט משלה, ואין לה עמוד NEO",P1,"להעביר את התוכן לעמוד NEO מדויק, או לאשר את ההפניה למדור"
/exits/CONFPP01/,/neo/enhancements/,/exits/,559,כן,"רשומה עם 559 תווי טקסט משלה, ואין לה עמוד NEO",P1,"להעביר את התוכן לעמוד NEO מדויק, או לאשר את ההפניה למדור"
/exits/CONFPP05/,/neo/enhancements/,/exits/,504,כן,"רשומה עם 504 תווי טקסט משלה, ואין לה עמוד NEO",P1,"להעביר את התוכן לעמוד NEO מדויק, או לאשר את ההפניה למדור"
/exits/IEQM0001/,/neo/enhancements/,/exits/,537,כן,"רשומה עם 537 תווי טקסט משלה, ואין לה עמוד NEO",P1,"להעביר את התוכן לעמוד NEO מדויק, או לאשר את ההפניה למדור"
/exits/IMRC0001/,/neo/enhancements/,/exits/,499,כן,"רשומה עם 499 תווי טקסט משלה, ואין לה עמוד NEO",P1,"להעביר את התוכן לעמוד NEO מדויק, או לאשר את ההפניה למדור"
/exits/IPRM0001/,/neo/enhancements/,/exits/,470,כן,"רשומה עם 470 תווי טקסט משלה, ואין לה עמוד NEO",P1,"להעביר את התוכן לעמוד NEO מדויק, או לאשר את ההפניה למדור"
/exits/ITOB0001/,/neo/enhancements/,/exits/,511,כן,"רשומה עם 511 תווי טקסט משלה, ואין לה עמוד NEO",P1,"להעביר את התוכן לעמוד NEO מדויק, או לאשר את ההפניה למדור"
/exits/IWO10009/,/neo/enhancements/,/exits/,673,כן,"רשומה עם 673 תווי טקסט משלה, ואין לה עמוד NEO",P1,"להעביר את התוכן לעמוד NEO מדויק, או לאשר את ההפניה למדור"
/exits/IWO10012/,/neo/enhancements/,/exits/,503,כן,"רשומה עם 503 תווי טקסט משלה, ואין לה עמוד NEO",P1,"להעביר את התוכן לעמוד NEO מדויק, או לאשר את ההפניה למדור"
/exits/IWO10018/,/neo/enhancements/,/exits/,666,כן,"רשומה עם 666 תווי טקסט משלה, ואין לה עמוד NEO",P1,"להעביר את התוכן לעמוד NEO מדויק, או לאשר את ההפניה למדור"
/exits/M61X0001/,/neo/enhancements/,/exits/,588,כן,"רשומה עם 588 תווי טקסט משלה, ואין לה עמוד NEO",P1,"להעביר את התוכן לעמוד NEO מדויק, או לאשר את ההפניה למדור"
/exits/MB-MIGO-BADI/,/neo/enhancements/,/exits/,565,כן,"רשומה עם 565 תווי טקסט משלה, ואין לה עמוד NEO",P1,"להעביר את התוכן לעמוד NEO מדויק, או לאשר את ההפניה למדור"
/exits/MBCF0002/,/neo/enhancements/,/exits/,587,כן,"רשומה עם 587 תווי טקסט משלה, ואין לה עמוד NEO",P1,"להעביר את התוכן לעמוד NEO מדויק, או לאשר את ההפניה למדור"
/exits/MD-ADD-ELEMENTS/,/neo/enhancements/,/exits/,558,כן,"רשומה עם 558 תווי טקסט משלה, ואין לה עמוד NEO",P1,"להעביר את התוכן לעמוד NEO מדויק, או לאשר את ההפניה למדור"
/exits/MD-PLDORD-POST/,/neo/enhancements/,/exits/,532,כן,"רשומה עם 532 תווי טקסט משלה, ואין לה עמוד NEO",P1,"להעביר את התוכן לעמוד NEO מדויק, או לאשר את ההפניה למדור"
/exits/NOTIF-EVENT-SAVE/,/neo/enhancements/,/exits/,560,כן,"רשומה עם 560 תווי טקסט משלה, ואין לה עמוד NEO",P1,"להעביר את התוכן לעמוד NEO מדויק, או לאשר את ההפניה למדור"
/exits/PCSD0002/,/neo/enhancements/,/exits/,470,כן,"רשומה עם 470 תווי טקסט משלה, ואין לה עמוד NEO",P1,"להעביר את התוכן לעמוד NEO מדויק, או לאשר את ההפניה למדור"
/exits/PPCO0001/,/neo/enhancements/,/exits/,597,כן,"רשומה עם 597 תווי טקסט משלה, ואין לה עמוד NEO",P1,"להעביר את התוכן לעמוד NEO מדויק, או לאשר את ההפניה למדור"
/exits/PPCO0007/,/neo/enhancements/,/exits/,469,כן,"רשומה עם 469 תווי טקסט משלה, ואין לה עמוד NEO",P1,"להעביר את התוכן לעמוד NEO מדויק, או לאשר את ההפניה למדור"
/exits/PPCO0021/,/neo/enhancements/,/exits/,483,כן,"רשומה עם 483 תווי טקסט משלה, ואין לה עמוד NEO",P1,"להעביר את התוכן לעמוד NEO מדויק, או לאשר את ההפניה למדור"
/exits/QQMA0001/,/neo/enhancements/,/exits/,548,כן,"רשומה עם 548 תווי טקסט משלה, ואין לה עמוד NEO",P1,"להעביר את התוכן לעמוד NEO מדויק, או לאשר את ההפניה למדור"
/exits/QQMA0014/,/neo/enhancements/,/exits/,460,כן,"רשומה עם 460 תווי טקסט משלה, ואין לה עמוד NEO",P1,"להעביר את התוכן לעמוד NEO מדויק, או לאשר את ההפניה למדור"
/exits/SAPLV01Z/,/neo/enhancements/,/exits/,569,כן,"רשומה עם 569 תווי טקסט משלה, ואין לה עמוד NEO",P1,"להעביר את התוכן לעמוד NEO מדויק, או לאשר את ההפניה למדור"
/exits/WORKORDER-CONFIRM/,/neo/enhancements/,/exits/,579,כן,"רשומה עם 579 תווי טקסט משלה, ואין לה עמוד NEO",P1,"להעביר את התוכן לעמוד NEO מדויק, או לאשר את ההפניה למדור"
/exits/WORKORDER-GOODSMVT/,/neo/enhancements/,/exits/,500,כן,"רשומה עם 500 תווי טקסט משלה, ואין לה עמוד NEO",P1,"להעביר את התוכן לעמוד NEO מדויק, או לאשר את ההפניה למדור"
/exits/WORKORDER-UPDATE/,/neo/enhancements/,/exits/,683,כן,"רשומה עם 683 תווי טקסט משלה, ואין לה עמוד NEO",P1,"להעביר את התוכן לעמוד NEO מדויק, או לאשר את ההפניה למדור"
/sap-notes/authorization-org-level/,/neo/incidents/,/sap-notes/,590,כן,"רשומה עם 590 תווי טקסט משלה, ואין לה עמוד NEO",P1,"להעביר את התוכן לעמוד NEO מדויק, או לאשר את ההפניה למדור"
/sap-notes/backflush-cogi-affw/,/neo/incidents/,/sap-notes/,750,כן,"רשומה עם 750 תווי טקסט משלה, ואין לה עמוד NEO",P1,"להעביר את התוכן לעמוד NEO מדויק, או לאשר את ההפניה למדור"
/sap-notes/batch-determination-strategy/,/neo/incidents/,/sap-notes/,685,כן,"רשומה עם 685 תווי טקסט משלה, ואין לה עמוד NEO",P1,"להעביר את התוכן לעמוד NEO מדויק, או לאשר את ההפניה למדור"
/sap-notes/capacity-leveling/,/neo/incidents/,/sap-notes/,542,כן,"רשומה עם 542 תווי טקסט משלה, ואין לה עמוד NEO",P1,"להעביר את התוכן לעמוד NEO מדויק, או לאשר את ההפניה למדור"
/sap-notes/confirmation-period-mmrv/,/neo/incidents/,/sap-notes/,576,כן,"רשומה עם 576 תווי טקסט משלה, ואין לה עמוד NEO",P1,"להעביר את התוכן לעמוד NEO מדויק, או לאשר את ההפניה למדור"
/sap-notes/cvi-bp-sync-note/,/neo/incidents/,/sap-notes/,551,כן,"רשומה עם 551 תווי טקסט משלה, ואין לה עמוד NEO",P1,"להעביר את התוכן לעמוד NEO מדויק, או לאשר את ההפניה למדור"
/sap-notes/fiori-odata-activation-note/,/neo/incidents/,/sap-notes/,564,כן,"רשומה עם 564 תווי טקסט משלה, ואין לה עמוד NEO",P1,"להעביר את התוכן לעמוד NEO מדויק, או לאשר את ההפניה למדור"
/sap-notes/goods-movement-deficit/,/neo/incidents/,/sap-notes/,610,כן,"רשומה עם 610 תווי טקסט משלה, ואין לה עמוד NEO",P1,"להעביר את התוכן לעמוד NEO מדויק, או לאשר את ההפניה למדור"
/sap-notes/idoc-51-application-error/,/neo/incidents/,/sap-notes/,636,כן,"רשומה עם 636 תווי טקסט משלה, ואין לה עמוד NEO",P1,"להעביר את התוכן לעמוד NEO מדויק, או לאשר את ההפניה למדור"
/sap-notes/matdoc-inventory-s4/,/neo/incidents/,/sap-notes/,649,כן,"רשומה עם 649 תווי טקסט משלה, ואין לה עמוד NEO",P1,"להעביר את התוכן לעמוד NEO מדויק, או לאשר את ההפניה למדור"
/sap-notes/material-ledger-actual-costing-s4/,/neo/incidents/,/sap-notes/,671,כן,"רשומה עם 671 תווי טקסט משלה, ואין לה עמוד NEO",P1,"להעביר את התוכן לעמוד NEO מדויק, או לאשר את ההפניה למדור"
/sap-notes/matnr-custom-code-note/,/neo/incidents/,/sap-notes/,570,כן,"רשומה עם 570 תווי טקסט משלה, ואין לה עמוד NEO",P1,"להעביר את התוכן לעמוד NEO מדויק, או לאשר את ההפניה למדור"
/sap-notes/mrp-no-planned-orders/,/neo/incidents/,/sap-notes/,611,כן,"רשומה עם 611 תווי טקסט משלה, ואין לה עמוד NEO",P1,"להעביר את התוכן לעמוד NEO מדויק, או לאשר את ההפניה למדור"
/sap-notes/no-fi-doc-update-termination/,/neo/incidents/,/sap-notes/,656,כן,"רשומה עם 656 תווי טקסט משלה, ואין לה עמוד NEO",P1,"להעביר את התוכן לעמוד NEO מדויק, או לאשר את ההפניה למדור"
/sap-notes/order-settlement-rule-period/,/neo/incidents/,/sap-notes/,630,כן,"רשומה עם 630 תווי טקסט משלה, ואין לה עמוד NEO",P1,"להעביר את התוכן לעמוד NEO מדויק, או לאשר את ההפניה למדור"
/sap-notes/pm-order-release-permit/,/neo/incidents/,/sap-notes/,647,כן,"רשומה עם 647 תווי טקסט משלה, ואין לה עמוד NEO",P1,"להעביר את התוכן לעמוד NEO מדויק, או לאשר את ההפניה למדור"
/sap-notes/production-version-mandatory-s4/,/neo/incidents/,/sap-notes/,711,כן,"רשומה עם 711 תווי טקסט משלה, ואין לה עמוד NEO",P1,"להעביר את התוכן לעמוד NEO מדויק, או לאשר את ההפניה למדור"
/sap-notes/qm-inspection-lot-not-created/,/neo/incidents/,/sap-notes/,610,כן,"רשומה עם 610 תווי טקסט משלה, ואין לה עמוד NEO",P1,"להעביר את התוכן לעמוד NEO מדויק, או לאשר את ההפניה למדור"
/sap-notes/qm-results-out-of-spec-note/,/neo/incidents/,/sap-notes/,510,כן,"רשומה עם 510 תווי טקסט משלה, ואין לה עמוד NEO",P1,"להעביר את התוכן לעמוד NEO מדויק, או לאשר את ההפניה למדור"
/sap-notes/qm-ud-stock-block/,/neo/incidents/,/sap-notes/,582,כן,"רשומה עם 582 תווי טקסט משלה, ואין לה עמוד NEO",P1,"להעביר את התוכן לעמוד NEO מדויק, או לאשר את ההפניה למדור"
/sap-notes/queue-eoio-blocked-note/,/neo/incidents/,/sap-notes/,549,כן,"רשומה עם 549 תווי טקסט משלה, ואין לה עמוד NEO",P1,"להעביר את התוכן לעמוד NEO מדויק, או לאשר את ההפניה למדור"
/sap-notes/rfc-timeout-note/,/neo/incidents/,/sap-notes/,475,כן,"רשומה עם 475 תווי טקסט משלה, ואין לה עמוד NEO",P1,"להעביר את התוכן לעמוד NEO מדויק, או לאשר את ההפניה למדור"
/sap-notes/update-termination-note/,/neo/incidents/,/sap-notes/,600,כן,"רשומה עם 600 תווי טקסט משלה, ואין לה עמוד NEO",P1,"להעביר את התוכן לעמוד NEO מדויק, או לאשר את ההפניה למדור"
/solutions/authorization/,/neo/best-practices/,/solutions/,676,כן,"רשומה עם 676 תווי טקסט משלה, ואין לה עמוד NEO",P1,"להעביר את התוכן לעמוד NEO מדויק, או לאשר את ההפניה למדור"
/solutions/batch-management/,/neo/best-practices/,/solutions/,833,כן,"רשומה עם 833 תווי טקסט משלה, ואין לה עמוד NEO",P1,"להעביר את התוכן לעמוד NEO מדויק, או לאשר את ההפניה למדור"
/solutions/bom/,/neo/best-practices/,/solutions/,728,כן,"רשומה עם 728 תווי טקסט משלה, ואין לה עמוד NEO",P1,"להעביר את התוכן לעמוד NEO מדויק, או לאשר את ההפניה למדור"
/solutions/equipment-asset/,/neo/best-practices/,/solutions/,783,כן,"רשומה עם 783 תווי טקסט משלה, ואין לה עמוד NEO",P1,"להעביר את התוכן לעמוד NEO מדויק, או לאשר את ההפניה למדור"
/solutions/goods-movement/,/neo/best-practices/,/solutions/,782,כן,"רשומה עם 782 תווי טקסט משלה, ואין לה עמוד NEO",P1,"להעביר את התוכן לעמוד NEO מדויק, או לאשר את ההפניה למדור"
/solutions/idoc-integration/,/neo/best-practices/,/solutions/,686,כן,"רשומה עם 686 תווי טקסט משלה, ואין לה עמוד NEO",P1,"להעביר את התוכן לעמוד NEO מדויק, או לאשר את ההפניה למדור"
/solutions/label-output/,/neo/best-practices/,/solutions/,713,כן,"רשומה עם 713 תווי טקסט משלה, ואין לה עמוד NEO",P1,"להעביר את התוכן לעמוד NEO מדויק, או לאשר את ההפניה למדור"
/solutions/maintenance/,/neo/best-practices/,/solutions/,893,כן,"רשומה עם 893 תווי טקסט משלה, ואין לה עמוד NEO",P1,"להעביר את התוכן לעמוד NEO מדויק, או לאשר את ההפניה למדור"
/solutions/mrp/,/neo/best-practices/,/solutions/,751,כן,"רשומה עם 751 תווי טקסט משלה, ואין לה עמוד NEO",P1,"להעביר את התוכן לעמוד NEO מדויק, או לאשר את ההפניה למדור"
/solutions/procurement/,/neo/best-practices/,/solutions/,756,כן,"רשומה עם 756 תווי טקסט משלה, ואין לה עמוד NEO",P1,"להעביר את התוכן לעמוד NEO מדויק, או לאשר את ההפניה למדור"
/solutions/quality-inspection/,/neo/best-practices/,/solutions/,739,כן,"רשומה עם 739 תווי טקסט משלה, ואין לה עמוד NEO",P1,"להעביר את התוכן לעמוד NEO מדויק, או לאשר את ההפניה למדור"
/solutions/sales-order/,/neo/best-practices/,/solutions/,684,כן,"רשומה עם 684 תווי טקסט משלה, ואין לה עמוד NEO",P1,"להעביר את התוכן לעמוד NEO מדויק, או לאשר את ההפניה למדור"
/solutions/settlement-costing/,/neo/best-practices/,/solutions/,731,כן,"רשומה עם 731 תווי טקסט משלה, ואין לה עמוד NEO",P1,"להעביר את התוכן לעמוד NEO מדויק, או לאשר את ההפניה למדור"
/solutions/stock-overview/,/neo/best-practices/,/solutions/,712,כן,"רשומה עם 712 תווי טקסט משלה, ואין לה עמוד NEO",P1,"להעביר את התוכן לעמוד NEO מדויק, או לאשר את ההפניה למדור"
/solutions/workflow/,/neo/best-practices/,/solutions/,644,כן,"רשומה עם 644 תווי טקסט משלה, ואין לה עמוד NEO",P1,"להעביר את התוכן לעמוד NEO מדויק, או לאשר את ההפניה למדור"
/tcode/AOBJ/,/neo/transactions/,/tcode/,1549,כן,"רשומה עם 1,549 תווי טקסט משלה, ואין לה עמוד NEO",P1,"להעביר את התוכן לעמוד NEO מדויק, או לאשר את ההפניה למדור"
/tcode/BS02/,/neo/transactions/,/tcode/,1703,כן,"רשומה עם 1,703 תווי טקסט משלה, ואין לה עמוד NEO",P1,"להעביר את התוכן לעמוד NEO מדויק, או לאשר את ההפניה למדור"
/tcode/BS03/,/neo/transactions/,/tcode/,1640,כן,"רשומה עם 1,640 תווי טקסט משלה, ואין לה עמוד NEO",P1,"להעביר את התוכן לעמוד NEO מדויק, או לאשר את ההפניה למדור"
/tcode/BS22/,/neo/transactions/,/tcode/,1711,כן,"רשומה עם 1,711 תווי טקסט משלה, ואין לה עמוד NEO",P1,"להעביר את התוכן לעמוד NEO מדויק, או לאשר את ההפניה למדור"
/tcode/BS23/,/neo/transactions/,/tcode/,1650,כן,"רשומה עם 1,650 תווי טקסט משלה, ואין לה עמוד NEO",P1,"להעביר את התוכן לעמוד NEO מדויק, או לאשר את ההפניה למדור"
/tcode/CC02/,/neo/transactions/,/tcode/,1530,כן,"רשומה עם 1,530 תווי טקסט משלה, ואין לה עמוד NEO",P1,"להעביר את התוכן לעמוד NEO מדויק, או לאשר את ההפניה למדור"
/tcode/CFC1/,/neo/transactions/,/tcode/,1560,כן,"רשומה עם 1,560 תווי טקסט משלה, ואין לה עמוד NEO",P1,"להעביר את התוכן לעמוד NEO מדויק, או לאשר את ההפניה למדור"
/tcode/CFC2/,/neo/transactions/,/tcode/,1623,כן,"רשומה עם 1,623 תווי טקסט משלה, ואין לה עמוד NEO",P1,"להעביר את התוכן לעמוד NEO מדויק, או לאשר את ההפניה למדור"
/tcode/CFC3/,/neo/transactions/,/tcode/,1560,כן,"רשומה עם 1,560 תווי טקסט משלה, ואין לה עמוד NEO",P1,"להעביר את התוכן לעמוד NEO מדויק, או לאשר את ההפניה למדור"
/tcode/CFV1/,/neo/transactions/,/tcode/,1548,כן,"רשומה עם 1,548 תווי טקסט משלה, ואין לה עמוד NEO",P1,"להעביר את התוכן לעמוד NEO מדויק, או לאשר את ההפניה למדור"
/tcode/CFV2/,/neo/transactions/,/tcode/,1548,כן,"רשומה עם 1,548 תווי טקסט משלה, ואין לה עמוד NEO",P1,"להעביר את התוכן לעמוד NEO מדויק, או לאשר את ההפניה למדור"
/tcode/CFV3/,/neo/transactions/,/tcode/,1548,כן,"רשומה עם 1,548 תווי טקסט משלה, ואין לה עמוד NEO",P1,"להעביר את התוכן לעמוד NEO מדויק, או לאשר את ההפניה למדור"
/tcode/DB15/,/neo/transactions/,/tcode/,1549,כן,"רשומה עם 1,549 תווי טקסט משלה, ואין לה עמוד NEO",P1,"להעביר את התוכן לעמוד NEO מדויק, או לאשר את ההפניה למדור"
/tcode/ECC/,/neo/transactions/,/tcode/,1518,כן,"רשומה עם 1,518 תווי טקסט משלה, ואין לה עמוד NEO",P1,"להעביר את התוכן לעמוד NEO מדויק, או לאשר את ההפניה למדור"
/tcode/IK08/,/neo/transactions/,/tcode/,1542,כן,"רשומה עם 1,542 תווי טקסט משלה, ואין לה עמוד NEO",P1,"להעביר את התוכן לעמוד NEO מדויק, או לאשר את ההפניה למדור"
/tcode/IK21/,/neo/transactions/,/tcode/,1537,כן,"רשומה עם 1,537 תווי טקסט משלה, ואין לה עמוד NEO",P1,"להעביר את התוכן לעמוד NEO מדויק, או לאשר את ההפניה למדור"
/tcode/IK41/,/neo/transactions/,/tcode/,1537,כן,"רשומה עם 1,537 תווי טקסט משלה, ואין לה עמוד NEO",P1,"להעביר את התוכן לעמוד NEO מדויק, או לאשר את ההפניה למדור"
/tcode/IQ01/,/neo/transactions/,/tcode/,1545,כן,"רשומה עם 1,545 תווי טקסט משלה, ואין לה עמוד NEO",P1,"להעביר את התוכן לעמוד NEO מדויק, או לאשר את ההפניה למדור"
/tcode/IQ02/,/neo/transactions/,/tcode/,1545,כן,"רשומה עם 1,545 תווי טקסט משלה, ואין לה עמוד NEO",P1,"להעביר את התוכן לעמוד NEO מדויק, או לאשר את ההפניה למדור"
/tcode/IQ03/,/neo/transactions/,/tcode/,1545,כן,"רשומה עם 1,545 תווי טקסט משלה, ואין לה עמוד NEO",P1,"להעביר את התוכן לעמוד NEO מדויק, או לאשר את ההפניה למדור"
/tcode/IQ08/,/neo/transactions/,/tcode/,1545,כן,"רשומה עם 1,545 תווי טקסט משלה, ואין לה עמוד NEO",P1,"להעביר את התוכן לעמוד NEO מדויק, או לאשר את ההפניה למדור"
/tcode/IQ09/,/neo/transactions/,/tcode/,1545,כן,"רשומה עם 1,545 תווי טקסט משלה, ואין לה עמוד NEO",P1,"להעביר את התוכן לעמוד NEO מדויק, או לאשר את ההפניה למדור"
/tcode/IR02/,/neo/transactions/,/tcode/,1580,כן,"רשומה עם 1,580 תווי טקסט משלה, ואין לה עמוד NEO",P1,"להעביר את התוכן לעמוד NEO מדויק, או לאשר את ההפניה למדור"
/tcode/IR03/,/neo/transactions/,/tcode/,1580,כן,"רשומה עם 1,580 תווי טקסט משלה, ואין לה עמוד NEO",P1,"להעביר את התוכן לעמוד NEO מדויק, או לאשר את ההפניה למדור"
/tcode/KOT2_OPA/,/neo/transactions/,/tcode/,1530,כן,"רשומה עם 1,530 תווי טקסט משלה, ואין לה עמוד NEO",P1,"להעביר את התוכן לעמוד NEO מדויק, או לאשר את ההפניה למדור"
/tcode/OIA1/,/neo/transactions/,/tcode/,1578,כן,"רשומה עם 1,578 תווי טקסט משלה, ואין לה עמוד NEO",P1,"להעביר את התוכן לעמוד NEO מדויק, או לאשר את ההפניה למדור"
/tcode/OIAL/,/neo/transactions/,/tcode/,1515,כן,"רשומה עם 1,515 תווי טקסט משלה, ואין לה עמוד NEO",P1,"להעביר את התוכן לעמוד NEO מדויק, או לאשר את ההפניה למדור"
/tcode/OIM1/,/neo/transactions/,/tcode/,1603,כן,"רשומה עם 1,603 תווי טקסט משלה, ואין לה עמוד NEO",P1,"להעביר את התוכן לעמוד NEO מדויק, או לאשר את ההפניה למדור"
/tcode/OIMR/,/neo/transactions/,/tcode/,1578,כן,"רשומה עם 1,578 תווי טקסט משלה, ואין לה עמוד NEO",P1,"להעביר את התוכן לעמוד NEO מדויק, או לאשר את ההפניה למדור"
/tcode/OIN4/,/neo/transactions/,/tcode/,1544,כן,"רשומה עם 1,544 תווי טקסט משלה, ואין לה עמוד NEO",P1,"להעביר את התוכן לעמוד NEO מדויק, או לאשר את ההפניה למדור"
/tcode/OIOA/,/neo/transactions/,/tcode/,1518,כן,"רשומה עם 1,518 תווי טקסט משלה, ואין לה עמוד NEO",P1,"להעביר את התוכן לעמוד NEO מדויק, או לאשר את ההפניה למדור"
/tcode/SPRO/,/neo/transactions/,/tcode/,1691,כן,"רשומה עם 1,691 תווי טקסט משלה, ואין לה עמוד NEO",P1,"להעביר את התוכן לעמוד NEO מדויק, או לאשר את ההפניה למדור"
/learn/onboarding-org/,/neo/academy/,/learn/,80,לבדיקה,רשומה עם 80 תווים בלבד; ייתכן שהתוכן חלקי,P2,"להעביר את התוכן לעמוד NEO מדויק, או לאשר את ההפניה למדור"
/learn/pm-ecc-s4/,/neo/academy/,/learn/,651,כן,"רשומה עם 651 תווי טקסט משלה, ואין לה עמוד NEO",P2,"להעביר את התוכן לעמוד NEO מדויק, או לאשר את ההפניה למדור"
/learn/pm-execution/,/neo/academy/,/learn/,660,כן,"רשומה עם 660 תווי טקסט משלה, ואין לה עמוד NEO",P2,"להעביר את התוכן לעמוד NEO מדויק, או לאשר את ההפניה למדור"
/learn/pm-fundamentals/,/neo/academy/,/learn/,524,כן,"רשומה עם 524 תווי טקסט משלה, ואין לה עמוד NEO",P2,"להעביר את התוכן לעמוד NEO מדויק, או לאשר את ההפניה למדור"
/learn/pm-planning/,/neo/academy/,/learn/,641,כן,"רשומה עם 641 תווי טקסט משלה, ואין לה עמוד NEO",P2,"להעביר את התוכן לעמוד NEO מדויק, או לאשר את ההפניה למדור"
/learn/pm-troubleshooting/,/neo/academy/,/learn/,64,לבדיקה,רשומה עם 64 תווים בלבד; ייתכן שהתוכן חלקי,P2,"להעביר את התוכן לעמוד NEO מדויק, או לאשר את ההפניה למדור"
/learn/pp-ecc-s4/,/neo/academy/,/learn/,503,כן,"רשומה עם 503 תווי טקסט משלה, ואין לה עמוד NEO",P2,"להעביר את התוכן לעמוד NEO מדויק, או לאשר את ההפניה למדור"
/learn/pp-execution/,/neo/academy/,/learn/,637,כן,"רשומה עם 637 תווי טקסט משלה, ואין לה עמוד NEO",P2,"להעביר את התוכן לעמוד NEO מדויק, או לאשר את ההפניה למדור"
/learn/pp-inventory/,/neo/academy/,/learn/,577,כן,"רשומה עם 577 תווי טקסט משלה, ואין לה עמוד NEO",P2,"להעביר את התוכן לעמוד NEO מדויק, או לאשר את ההפניה למדור"
/learn/pp-pi/,/neo/academy/,/learn/,538,כן,"רשומה עם 538 תווי טקסט משלה, ואין לה עמוד NEO",P2,"להעביר את התוכן לעמוד NEO מדויק, או לאשר את ההפניה למדור"
/learn/pp-planning/,/neo/academy/,/learn/,481,כן,"רשומה עם 481 תווי טקסט משלה, ואין לה עמוד NEO",P2,"להעביר את התוכן לעמוד NEO מדויק, או לאשר את ההפניה למדור"
/learn/pp-troubleshooting/,/neo/academy/,/learn/,69,לבדיקה,רשומה עם 69 תווים בלבד; ייתכן שהתוכן חלקי,P2,"להעביר את התוכן לעמוד NEO מדויק, או לאשר את ההפניה למדור"
/learn/pp/,/neo/academy/,/learn/,538,כן,"רשומה עם 538 תווי טקסט משלה, ואין לה עמוד NEO",P2,"להעביר את התוכן לעמוד NEO מדויק, או לאשר את ההפניה למדור"
/learn/qa-defect/,/neo/academy/,/learn/,74,לבדיקה,רשומה עם 74 תווים בלבד; ייתכן שהתוכן חלקי,P2,"להעביר את התוכן לעמוד NEO מדויק, או לאשר את ההפניה למדור"
/learn/qa-fundamentals/,/neo/academy/,/learn/,75,לבדיקה,רשומה עם 75 תווים בלבד; ייתכן שהתוכן חלקי,P2,"להעביר את התוכן לעמוד NEO מדויק, או לאשר את ההפניה למדור"
/learn/qa-integration/,/neo/academy/,/learn/,68,לבדיקה,רשומה עם 68 תווים בלבד; ייתכן שהתוכן חלקי,P2,"להעביר את התוכן לעמוד NEO מדויק, או לאשר את ההפניה למדור"
/learn/qa-sap-testing/,/neo/academy/,/learn/,68,לבדיקה,רשומה עם 68 תווים בלבד; ייתכן שהתוכן חלקי,P2,"להעביר את התוכן לעמוד NEO מדויק, או לאשר את ההפניה למדור"
/learn/qa-uat/,/neo/academy/,/learn/,72,לבדיקה,רשומה עם 72 תווים בלבד; ייתכן שהתוכן חלקי,P2,"להעביר את התוכן לעמוד NEO מדויק, או לאשר את ההפניה למדור"
/library/academy/fiori/,/neo/fiori-apps/,/library/academy/,17780,לבדיקה,"דף קורס ישן עם 17,780 תווים; לבדוק אם הקורס ב-NEO מכסה אותו",P2,"להעביר את התוכן לעמוד NEO מדויק, או לאשר את ההפניה למדור"
/library/academy/reference/mm/,/neo/academy/mm/,/library/academy/,35898,לבדיקה,"דף קורס ישן עם 35,898 תווים; לבדוק אם הקורס ב-NEO מכסה אותו",P2,"להעביר את התוכן לעמוד NEO מדויק, או לאשר את ההפניה למדור"
/library/academy/reference/pm/,/neo/academy/pm/,/library/academy/,19665,לבדיקה,"דף קורס ישן עם 19,665 תווים; לבדוק אם הקורס ב-NEO מכסה אותו",P2,"להעביר את התוכן לעמוד NEO מדויק, או לאשר את ההפניה למדור"
/library/academy/reference/pmu/,/neo/academy/pm-user/,/library/academy/,29026,לבדיקה,"דף קורס ישן עם 29,026 תווים; לבדוק אם הקורס ב-NEO מכסה אותו",P2,"להעביר את התוכן לעמוד NEO מדויק, או לאשר את ההפניה למדור"
/library/academy/reference/pp/,/neo/academy/pp-pi/,/library/academy/,33290,לבדיקה,"דף קורס ישן עם 33,290 תווים; לבדוק אם הקורס ב-NEO מכסה אותו",P2,"להעביר את התוכן לעמוד NEO מדויק, או לאשר את ההפניה למדור"
/library/academy/reference/ppds/,/neo/academy/pp-ds/,/library/academy/,17856,לבדיקה,"דף קורס ישן עם 17,856 תווים; לבדוק אם הקורס ב-NEO מכסה אותו",P2,"להעביר את התוכן לעמוד NEO מדויק, או לאשר את ההפניה למדור"
/library/academy/reference/qm/,/neo/academy/qm/,/library/academy/,38300,לבדיקה,"דף קורס ישן עם 38,300 תווים; לבדוק אם הקורס ב-NEO מכסה אותו",P2,"להעביר את התוכן לעמוד NEO מדויק, או לאשר את ההפניה למדור"
/library/academy/reference/sop/,/neo/academy/sop/,/library/academy/,17207,לבדיקה,"דף קורס ישן עם 17,207 תווים; לבדוק אם הקורס ב-NEO מכסה אותו",P2,"להעביר את התוכן לעמוד NEO מדויק, או לאשר את ההפניה למדור"
/library/academy/reference/wm/,/neo/academy/wm/,/library/academy/,12366,לבדיקה,"דף קורס ישן עם 12,366 תווים; לבדוק אם הקורס ב-NEO מכסה אותו",P2,"להעביר את התוכן לעמוד NEO מדויק, או לאשר את ההפניה למדור"
/library/pp/object/AUSP/,/neo/academy/pp-pi/,/library/pp/object/,132,לבדיקה,רשומה עם 132 תווים בלבד; ייתכן שהתוכן חלקי,P2,"להעביר את התוכן לעמוד NEO מדויק, או לאשר את ההפניה למדור"
/library/pp/object/BAPI_PRODORDCONF_CREATE_TT/,/neo/academy/pp-pi/,/library/pp/object/,190,לבדיקה,רשומה עם 190 תווים בלבד; ייתכן שהתוכן חלקי,P2,"להעביר את התוכן לעמוד NEO מדויק, או לאשר את ההפניה למדור"
/library/pp/object/BAPI_PRODORD_CREATE/,/neo/academy/pp-pi/,/library/pp/object/,169,לבדיקה,רשומה עם 169 תווים בלבד; ייתכן שהתוכן חלקי,P2,"להעביר את התוכן לעמוד NEO מדויק, או לאשר את ההפניה למדור"
/library/pp/object/C2A1/,/neo/academy/pp-pi/,/library/pp/object/,128,לבדיקה,רשומה עם 128 תווים בלבד; ייתכן שהתוכן חלקי,P2,"להעביר את התוכן לעמוד NEO מדויק, או לאשר את ההפניה למדור"
/library/pp/object/CA97/,/neo/academy/pp-pi/,/library/pp/object/,126,לבדיקה,רשומה עם 126 תווים בלבד; ייתכן שהתוכן חלקי,P2,"להעביר את התוכן לעמוד NEO מדויק, או לאשר את ההפניה למדור"
/library/pp/object/CL6P/,/neo/academy/pp-pi/,/library/pp/object/,133,לבדיקה,רשומה עם 133 תווים בלבד; ייתכן שהתוכן חלקי,P2,"להעביר את התוכן לעמוד NEO מדויק, או לאשר את ההפניה למדור"
/library/pp/object/CM22/,/neo/academy/pp-pi/,/library/pp/object/,138,לבדיקה,רשומה עם 138 תווים בלבד; ייתכן שהתוכן חלקי,P2,"להעביר את התוכן לעמוד NEO מדויק, או לאשר את ההפניה למדור"
/library/pp/object/CM40/,/neo/academy/pp-pi/,/library/pp/object/,138,לבדיקה,רשומה עם 138 תווים בלבד; ייתכן שהתוכן חלקי,P2,"להעביר את התוכן לעמוד NEO מדויק, או לאשר את ההפניה למדור"
/library/pp/object/CM41/,/neo/academy/pp-pi/,/library/pp/object/,138,לבדיקה,רשומה עם 138 תווים בלבד; ייתכן שהתוכן חלקי,P2,"להעביר את התוכן לעמוד NEO מדויק, או לאשר את ההפניה למדור"
/library/pp/object/CM52/,/neo/academy/pp-pi/,/library/pp/object/,138,לבדיקה,רשומה עם 138 תווים בלבד; ייתכן שהתוכן חלקי,P2,"להעביר את התוכן לעמוד NEO מדויק, או לאשר את ההפניה למדור"
/library/pp/object/CM99/,/neo/academy/pp-pi/,/library/pp/object/,138,לבדיקה,רשומה עם 138 תווים בלבד; ייתכן שהתוכן חלקי,P2,"להעביר את התוכן לעמוד NEO מדויק, או לאשר את ההפניה למדור"
/library/pp/object/CMS1/,/neo/academy/pp-pi/,/library/pp/object/,138,לבדיקה,רשומה עם 138 תווים בלבד; ייתכן שהתוכן חלקי,P2,"להעביר את התוכן לעמוד NEO מדויק, או לאשר את ההפניה למדור"
/library/pp/object/CMS2/,/neo/academy/pp-pi/,/library/pp/object/,138,לבדיקה,רשומה עם 138 תווים בלבד; ייתכן שהתוכן חלקי,P2,"להעביר את התוכן לעמוד NEO מדויק, או לאשר את ההפניה למדור"
/library/pp/object/CMV1/,/neo/academy/pp-pi/,/library/pp/object/,138,לבדיקה,רשומה עם 138 תווים בלבד; ייתכן שהתוכן חלקי,P2,"להעביר את התוכן לעמוד NEO מדויק, או לאשר את ההפניה למדור"
/library/pp/object/CMV2/,/neo/academy/pp-pi/,/library/pp/object/,138,לבדיקה,רשומה עם 138 תווים בלבד; ייתכן שהתוכן חלקי,P2,"להעביר את התוכן לעמוד NEO מדויק, או לאשר את ההפניה למדור"
/library/pp/object/CMX21/,/neo/academy/pp-pi/,/library/pp/object/,131,לבדיקה,רשומה עם 131 תווים בלבד; ייתכן שהתוכן חלקי,P2,"להעביר את התוכן לעמוד NEO מדויק, או לאשר את ההפניה למדור"
/library/pp/object/CO0001/,/neo/academy/pp-pi/,/library/pp/object/,139,לבדיקה,רשומה עם 139 תווים בלבד; ייתכן שהתוכן חלקי,P2,"להעביר את התוכן לעמוד NEO מדויק, או לאשר את ההפניה למדור"
/library/pp/object/CO04N/,/neo/academy/pp-pi/,/library/pp/object/,129,לבדיקה,רשומה עם 129 תווים בלבד; ייתכן שהתוכן חלקי,P2,"להעביר את התוכן לעמוד NEO מדויק, או לאשר את ההפניה למדור"
/library/pp/object/CO67/,/neo/academy/pp-pi/,/library/pp/object/,128,לבדיקה,רשומה עם 128 תווים בלבד; ייתכן שהתוכן חלקי,P2,"להעביר את התוכן לעמוד NEO מדויק, או לאשר את ההפניה למדור"
/library/pp/object/CO82/,/neo/academy/pp-pi/,/library/pp/object/,128,לבדיקה,רשומה עם 128 תווים בלבד; ייתכן שהתוכן חלקי,P2,"להעביר את התוכן לעמוד NEO מדויק, או לאשר את ההפניה למדור"
/library/pp/object/COB1/,/neo/academy/pp-pi/,/library/pp/object/,183,לבדיקה,רשומה עם 183 תווים בלבד; ייתכן שהתוכן חלקי,P2,"להעביר את התוכן לעמוד NEO מדויק, או לאשר את ההפניה למדור"
/library/pp/object/CORW/,/neo/academy/pp-pi/,/library/pp/object/,133,לבדיקה,רשומה עם 133 תווים בלבד; ייתכן שהתוכן חלקי,P2,"להעביר את התוכן לעמוד NEO מדויק, או לאשר את ההפניה למדור"
/library/pp/object/CORY/,/neo/academy/pp-pi/,/library/pp/object/,128,לבדיקה,רשומה עם 128 תווים בלבד; ייתכן שהתוכן חלקי,P2,"להעביר את התוכן לעמוד NEO מדויק, או לאשר את ההפניה למדור"
/library/pp/object/C_DDLeadTimeClassification/,/neo/academy/pp-pi/,/library/pp/object/,196,לבדיקה,רשומה עם 196 תווים בלבד; ייתכן שהתוכן חלקי,P2,"להעביר את התוכן לעמוד NEO מדויק, או לאשר את ההפניה למדור"
/library/pp/object/C_MRPMaterials/,/neo/academy/pp-pi/,/library/pp/object/,158,לבדיקה,רשומה עם 158 תווים בלבד; ייתכן שהתוכן חלקי,P2,"להעביר את התוכן לעמוד NEO מדויק, או לאשר את ההפניה למדור"
/library/pp/object/C_PMRPSimulation/,/neo/academy/pp-pi/,/library/pp/object/,176,לבדיקה,רשומה עם 176 תווים בלבד; ייתכן שהתוכן חלקי,P2,"להעביר את התוכן לעמוד NEO מדויק, או לאשר את ההפניה למדור"
/library/pp/object/F0045/,/neo/academy/pp-pi/,/library/pp/object/,135,לבדיקה,רשומה עם 135 תווים בלבד; ייתכן שהתוכן חלקי,P2,"להעביר את התוכן לעמוד NEO מדויק, או לאשר את ההפניה למדור"
/library/pp/object/F0247/,/neo/academy/pp-pi/,/library/pp/object/,180,לבדיקה,רשומה עם 180 תווים בלבד; ייתכן שהתוכן חלקי,P2,"להעביר את התוכן לעמוד NEO מדויק, או לאשר את ההפניה למדור"
/library/pp/object/F0251/,/neo/academy/pp-pi/,/library/pp/object/,132,לבדיקה,רשומה עם 132 תווים בלבד; ייתכן שהתוכן חלקי,P2,"להעביר את התוכן לעמוד NEO מדויק, או לאשר את ההפניה למדור"
/library/pp/object/F0289/,/neo/academy/pp-pi/,/library/pp/object/,132,לבדיקה,רשומה עם 132 תווים בלבד; ייתכן שהתוכן חלקי,P2,"להעביר את התוכן לעמוד NEO מדויק, או לאשר את ההפניה למדור"
/library/pp/object/F1422/,/neo/academy/pp-pi/,/library/pp/object/,180,לבדיקה,רשומה עם 180 תווים בלבד; ייתכן שהתוכן חלקי,P2,"להעביר את התוכן לעמוד NEO מדויק, או לאשר את ההפניה למדור"
/library/pp/object/F1576/,/neo/academy/pp-pi/,/library/pp/object/,139,לבדיקה,רשומה עם 139 תווים בלבד; ייתכן שהתוכן חלקי,P2,"להעביר את התוכן לעמוד NEO מדויק, או לאשר את ההפניה למדור"
/library/pp/object/F1611/,/neo/academy/pp-pi/,/library/pp/object/,142,לבדיקה,רשומה עם 142 תווים בלבד; ייתכן שהתוכן חלקי,P2,"להעביר את התוכן לעמוד NEO מדויק, או לאשר את ההפניה למדור"
/library/pp/object/F1842/,/neo/academy/pp-pi/,/library/pp/object/,134,לבדיקה,רשומה עם 134 תווים בלבד; ייתכן שהתוכן חלקי,P2,"להעביר את התוכן לעמוד NEO מדויק, או לאשר את ההפניה למדור"
/library/pp/object/F1990/,/neo/academy/pp-pi/,/library/pp/object/,131,לבדיקה,רשומה עם 131 תווים בלבד; ייתכן שהתוכן חלקי,P2,"להעביר את התוכן לעמוד NEO מדויק, או לאשר את ההפניה למדור"
/library/pp/object/F2101/,/neo/academy/pp-pi/,/library/pp/object/,185,לבדיקה,רשומה עם 185 תווים בלבד; ייתכן שהתוכן חלקי,P2,"להעביר את התוכן לעמוד NEO מדויק, או לאשר את ההפניה למדור"
/library/pp/object/F2336/,/neo/academy/pp-pi/,/library/pp/object/,218,לבדיקה,רשומה עם 218 תווים בלבד; ייתכן שהתוכן חלקי,P2,"להעביר את התוכן לעמוד NEO מדויק, או לאשר את ההפניה למדור"
/library/pp/object/F2392/,/neo/academy/pp-pi/,/library/pp/object/,184,לבדיקה,רשומה עם 184 תווים בלבד; ייתכן שהתוכן חלקי,P2,"להעביר את התוכן לעמוד NEO מדויק, או לאשר את ההפניה למדור"
/library/pp/object/F2401/,/neo/academy/pp-pi/,/library/pp/object/,121,לבדיקה,רשומה עם 121 תווים בלבד; ייתכן שהתוכן חלקי,P2,"להעביר את התוכן לעמוד NEO מדויק, או לאשר את ההפניה למדור"
/library/pp/object/F2768/,/neo/academy/pp-pi/,/library/pp/object/,134,לבדיקה,רשומה עם 134 תווים בלבד; ייתכן שהתוכן חלקי,P2,"להעביר את התוכן לעמוד NEO מדויק, או לאשר את ההפניה למדור"
/library/pp/object/F2769/,/neo/academy/pp-pi/,/library/pp/object/,134,לבדיקה,רשומה עם 134 תווים בלבד; ייתכן שהתוכן חלקי,P2,"להעביר את התוכן לעמוד NEO מדויק, או לאשר את ההפניה למדור"
/library/pp/object/F2810/,/neo/academy/pp-pi/,/library/pp/object/,179,לבדיקה,רשומה עם 179 תווים בלבד; ייתכן שהתוכן חלקי,P2,"להעביר את התוכן לעמוד NEO מדויק, או לאשר את ההפניה למדור"
/library/pp/object/F3261/,/neo/academy/pp-pi/,/library/pp/object/,189,לבדיקה,רשומה עם 189 תווים בלבד; ייתכן שהתוכן חלקי,P2,"להעביר את התוכן לעמוד NEO מדויק, או לאשר את ההפניה למדור"
/library/pp/object/F3272/,/neo/academy/pp-pi/,/library/pp/object/,132,לבדיקה,רשומה עם 132 תווים בלבד; ייתכן שהתוכן חלקי,P2,"להעביר את התוכן לעמוד NEO מדויק, או לאשר את ההפניה למדור"
/library/pp/object/F3364/,/neo/academy/pp-pi/,/library/pp/object/,179,לבדיקה,רשומה עם 179 תווים בלבד; ייתכן שהתוכן חלקי,P2,"להעביר את התוכן לעמוד NEO מדויק, או לאשר את ההפניה למדור"
/library/pp/object/F4090/,/neo/academy/pp-pi/,/library/pp/object/,144,לבדיקה,רשומה עם 144 תווים בלבד; ייתכן שהתוכן חלקי,P2,"להעביר את התוכן לעמוד NEO מדויק, או לאשר את ההפניה למדור"
/library/pp/object/F4147/,/neo/academy/pp-pi/,/library/pp/object/,144,לבדיקה,רשומה עם 144 תווים בלבד; ייתכן שהתוכן חלקי,P2,"להעביר את התוכן לעמוד NEO מדויק, או לאשר את ההפניה למדור"
/library/pp/object/F4148/,/neo/academy/pp-pi/,/library/pp/object/,144,לבדיקה,רשומה עם 144 תווים בלבד; ייתכן שהתוכן חלקי,P2,"להעביר את התוכן לעמוד NEO מדויק, או לאשר את ההפניה למדור"
/library/pp/object/INOB/,/neo/academy/pp-pi/,/library/pp/object/,132,לבדיקה,רשומה עם 132 תווים בלבד; ייתכן שהתוכן חלקי,P2,"להעביר את התוכן לעמוד NEO מדויק, או לאשר את ההפניה למדור"
/library/pp/object/KLAH/,/neo/academy/pp-pi/,/library/pp/object/,132,לבדיקה,רשומה עם 132 תווים בלבד; ייתכן שהתוכן חלקי,P2,"להעביר את התוכן לעמוד NEO מדויק, או לאשר את ההפניה למדור"
/library/pp/object/MB57/,/neo/academy/pp-pi/,/library/pp/object/,133,לבדיקה,רשומה עם 133 תווים בלבד; ייתכן שהתוכן חלקי,P2,"להעביר את התוכן לעמוד NEO מדויק, או לאשר את ההפניה למדור"
/library/pp/object/MC21/,/neo/academy/pp-pi/,/library/pp/object/,129,לבדיקה,רשומה עם 129 תווים בלבד; ייתכן שהתוכן חלקי,P2,"להעביר את התוכן לעמוד NEO מדויק, או לאשר את ההפניה למדור"
/library/pp/object/MC22/,/neo/academy/pp-pi/,/library/pp/object/,129,לבדיקה,רשומה עם 129 תווים בלבד; ייתכן שהתוכן חלקי,P2,"להעביר את התוכן לעמוד NEO מדויק, או לאשר את ההפניה למדור"
/library/pp/object/MC24/,/neo/academy/pp-pi/,/library/pp/object/,129,לבדיקה,רשומה עם 129 תווים בלבד; ייתכן שהתוכן חלקי,P2,"להעביר את התוכן לעמוד NEO מדויק, או לאשר את ההפניה למדור"
/library/pp/object/MC30/,/neo/academy/pp-pi/,/library/pp/object/,129,לבדיקה,רשומה עם 129 תווים בלבד; ייתכן שהתוכן חלקי,P2,"להעביר את התוכן לעמוד NEO מדויק, או לאשר את ההפניה למדור"
/library/pp/object/MC35/,/neo/academy/pp-pi/,/library/pp/object/,129,לבדיקה,רשומה עם 129 תווים בלבד; ייתכן שהתוכן חלקי,P2,"להעביר את התוכן לעמוד NEO מדויק, או לאשר את ההפניה למדור"
/library/pp/object/MC40/,/neo/academy/pp-pi/,/library/pp/object/,126,לבדיקה,רשומה עם 126 תווים בלבד; ייתכן שהתוכן חלקי,P2,"להעביר את התוכן לעמוד NEO מדויק, או לאשר את ההפניה למדור"
/library/pp/object/MC41/,/neo/academy/pp-pi/,/library/pp/object/,126,לבדיקה,רשומה עם 126 תווים בלבד; ייתכן שהתוכן חלקי,P2,"להעביר את התוכן לעמוד NEO מדויק, או לאשר את ההפניה למדור"
/library/pp/object/MC61/,/neo/academy/pp-pi/,/library/pp/object/,129,לבדיקה,רשומה עם 129 תווים בלבד; ייתכן שהתוכן חלקי,P2,"להעביר את התוכן לעמוד NEO מדויק, או לאשר את ההפניה למדור"
/library/pp/object/MC64/,/neo/academy/pp-pi/,/library/pp/object/,129,לבדיקה,רשומה עם 129 תווים בלבד; ייתכן שהתוכן חלקי,P2,"להעביר את התוכן לעמוד NEO מדויק, או לאשר את ההפניה למדור"
/library/pp/object/MC67/,/neo/academy/pp-pi/,/library/pp/object/,129,לבדיקה,רשומה עם 129 תווים בלבד; ייתכן שהתוכן חלקי,P2,"להעביר את התוכן לעמוד NEO מדויק, או לאשר את ההפניה למדור"
/library/pp/object/MC76/,/neo/academy/pp-pi/,/library/pp/object/,129,לבדיקה,רשומה עם 129 תווים בלבד; ייתכן שהתוכן חלקי,P2,"להעביר את התוכן לעמוד NEO מדויק, או לאשר את ההפניה למדור"
/library/pp/object/MC78/,/neo/academy/pp-pi/,/library/pp/object/,129,לבדיקה,רשומה עם 129 תווים בלבד; ייתכן שהתוכן חלקי,P2,"להעביר את התוכן לעמוד NEO מדויק, או לאשר את ההפניה למדור"
/library/pp/object/MC7F/,/neo/academy/pp-pi/,/library/pp/object/,129,לבדיקה,רשומה עם 129 תווים בלבד; ייתכן שהתוכן חלקי,P2,"להעביר את התוכן לעמוד NEO מדויק, או לאשר את ההפניה למדור"
/library/pp/object/MC8A/,/neo/academy/pp-pi/,/library/pp/object/,129,לבדיקה,רשומה עם 129 תווים בלבד; ייתכן שהתוכן חלקי,P2,"להעביר את התוכן לעמוד NEO מדויק, או לאשר את ההפניה למדור"
/library/pp/object/MC8B/,/neo/academy/pp-pi/,/library/pp/object/,129,לבדיקה,רשומה עם 129 תווים בלבד; ייתכן שהתוכן חלקי,P2,"להעביר את התוכן לעמוד NEO מדויק, או לאשר את ההפניה למדור"
/library/pp/object/MC8D/,/neo/academy/pp-pi/,/library/pp/object/,129,לבדיקה,רשומה עם 129 תווים בלבד; ייתכן שהתוכן חלקי,P2,"להעביר את התוכן לעמוד NEO מדויק, או לאשר את ההפניה למדור"
/library/pp/object/MC8E/,/neo/academy/pp-pi/,/library/pp/object/,129,לבדיקה,רשומה עם 129 תווים בלבד; ייתכן שהתוכן חלקי,P2,"להעביר את התוכן לעמוד NEO מדויק, או לאשר את ההפניה למדור"
/library/pp/object/MC8F/,/neo/academy/pp-pi/,/library/pp/object/,129,לבדיקה,רשומה עם 129 תווים בלבד; ייתכן שהתוכן חלקי,P2,"להעביר את התוכן לעמוד NEO מדויק, או לאשר את ההפניה למדור"
/library/pp/object/MC8G/,/neo/academy/pp-pi/,/library/pp/object/,129,לבדיקה,רשומה עם 129 תווים בלבד; ייתכן שהתוכן חלקי,P2,"להעביר את התוכן לעמוד NEO מדויק, או לאשר את ההפניה למדור"
/library/pp/object/MC8I/,/neo/academy/pp-pi/,/library/pp/object/,129,לבדיקה,רשומה עם 129 תווים בלבד; ייתכן שהתוכן חלקי,P2,"להעביר את התוכן לעמוד NEO מדויק, או לאשר את ההפניה למדור"
/library/pp/object/MC8K/,/neo/academy/pp-pi/,/library/pp/object/,129,לבדיקה,רשומה עם 129 תווים בלבד; ייתכן שהתוכן חלקי,P2,"להעביר את התוכן לעמוד NEO מדויק, או לאשר את ההפניה למדור"
/library/pp/object/MC8P/,/neo/academy/pp-pi/,/library/pp/object/,129,לבדיקה,רשומה עם 129 תווים בלבד; ייתכן שהתוכן חלקי,P2,"להעביר את התוכן לעמוד NEO מדויק, או לאשר את ההפניה למדור"
/library/pp/object/MC8Q/,/neo/academy/pp-pi/,/library/pp/object/,129,לבדיקה,רשומה עם 129 תווים בלבד; ייתכן שהתוכן חלקי,P2,"להעביר את התוכן לעמוד NEO מדויק, או לאשר את ההפניה למדור"
/library/pp/object/MC8T/,/neo/academy/pp-pi/,/library/pp/object/,129,לבדיקה,רשומה עם 129 תווים בלבד; ייתכן שהתוכן חלקי,P2,"להעביר את התוכן לעמוד NEO מדויק, או לאשר את ההפניה למדור"
/library/pp/object/MC8V/,/neo/academy/pp-pi/,/library/pp/object/,129,לבדיקה,רשומה עם 129 תווים בלבד; ייתכן שהתוכן חלקי,P2,"להעביר את התוכן לעמוד NEO מדויק, או לאשר את ההפניה למדור"
/library/pp/object/MC8W/,/neo/academy/pp-pi/,/library/pp/object/,129,לבדיקה,רשומה עם 129 תווים בלבד; ייתכן שהתוכן חלקי,P2,"להעביר את התוכן לעמוד NEO מדויק, או לאשר את ההפניה למדור"
/library/pp/object/MC96/,/neo/academy/pp-pi/,/library/pp/object/,129,לבדיקה,רשומה עם 129 תווים בלבד; ייתכן שהתוכן חלקי,P2,"להעביר את התוכן לעמוד NEO מדויק, או לאשר את ההפניה למדור"
/library/pp/object/MC9A/,/neo/academy/pp-pi/,/library/pp/object/,129,לבדיקה,רשומה עם 129 תווים בלבד; ייתכן שהתוכן חלקי,P2,"להעביר את התוכן לעמוד NEO מדויק, או לאשר את ההפניה למדור"
/library/pp/object/MC9B/,/neo/academy/pp-pi/,/library/pp/object/,129,לבדיקה,רשומה עם 129 תווים בלבד; ייתכן שהתוכן חלקי,P2,"להעביר את התוכן לעמוד NEO מדויק, או לאשר את ההפניה למדור"
/library/pp/object/MC9C/,/neo/academy/pp-pi/,/library/pp/object/,129,לבדיקה,רשומה עם 129 תווים בלבד; ייתכן שהתוכן חלקי,P2,"להעביר את התוכן לעמוד NEO מדויק, או לאשר את ההפניה למדור"
/library/pp/object/MCHB/,/neo/academy/pp-pi/,/library/pp/object/,132,לבדיקה,רשומה עם 132 תווים בלבד; ייתכן שהתוכן חלקי,P2,"להעביר את התוכן לעמוד NEO מדויק, או לאשר את ההפניה למדור"
/library/pp/object/MD09/,/neo/academy/pp-pi/,/library/pp/object/,126,לבדיקה,רשומה עם 126 תווים בלבד; ייתכן שהתוכן חלקי,P2,"להעביר את התוכן לעמוד NEO מדויק, או לאשר את ההפניה למדור"
/library/pp/object/MD4C/,/neo/academy/pp-pi/,/library/pp/object/,126,לבדיקה,רשומה עם 126 תווים בלבד; ייתכן שהתוכן חלקי,P2,"להעביר את התוכן לעמוד NEO מדויק, או לאשר את ההפניה למדור"
/library/pp/object/MD70/,/neo/academy/pp-pi/,/library/pp/object/,138,לבדיקה,רשומה עם 138 תווים בלבד; ייתכן שהתוכן חלקי,P2,"להעביר את התוכן לעמוד NEO מדויק, או לאשר את ההפניה למדור"
/library/pp/object/MD79/,/neo/academy/pp-pi/,/library/pp/object/,136,לבדיקה,רשומה עם 136 תווים בלבד; ייתכן שהתוכן חלקי,P2,"להעביר את התוכן לעמוד NEO מדויק, או לאשר את ההפניה למדור"
/library/pp/object/MDKP/,/neo/academy/pp-pi/,/library/pp/object/,125,לבדיקה,רשומה עם 125 תווים בלבד; ייתכן שהתוכן חלקי,P2,"להעביר את התוכן לעמוד NEO מדויק, או לאשר את ההפניה למדור"
/library/pp/object/MDTB/,/neo/academy/pp-pi/,/library/pp/object/,125,לבדיקה,רשומה עם 125 תווים בלבד; ייתכן שהתוכן חלקי,P2,"להעביר את התוכן לעמוד NEO מדויק, או לאשר את ההפניה למדור"
/library/pp/object/MF4R/,/neo/academy/pp-pi/,/library/pp/object/,126,לבדיקה,רשומה עם 126 תווים בלבד; ייתכן שהתוכן חלקי,P2,"להעביר את התוכן לעמוד NEO מדויק, או לאשר את ההפניה למדור"
/library/pp/object/MF70/,/neo/academy/pp-pi/,/library/pp/object/,126,לבדיקה,רשומה עם 126 תווים בלבד; ייתכן שהתוכן חלקי,P2,"להעביר את התוכן לעמוד NEO מדויק, או לאשר את ההפניה למדור"
/library/pp/object/MM10/,/neo/academy/pp-pi/,/library/pp/object/,133,לבדיקה,רשומה עם 133 תווים בלבד; ייתכן שהתוכן חלקי,P2,"להעביר את התוכן לעמוד NEO מדויק, או לאשר את ההפניה למדור"
/library/pp/object/O09C/,/neo/academy/pp-pi/,/library/pp/object/,128,לבדיקה,רשומה עם 128 תווים בלבד; ייתכן שהתוכן חלקי,P2,"להעביר את התוכן לעמוד NEO מדויק, או לאשר את ההפניה למדור"
/library/pp/object/O25C/,/neo/academy/pp-pi/,/library/pp/object/,128,לבדיקה,רשומה עם 128 תווים בלבד; ייתכן שהתוכן חלקי,P2,"להעביר את התוכן לעמוד NEO מדויק, או לאשר את ההפניה למדור"
/library/pp/object/OMrp/,/neo/academy/pp-pi/,/library/pp/object/,125,לבדיקה,רשומה עם 125 תווים בלבד; ייתכן שהתוכן חלקי,P2,"להעביר את התוכן לעמוד NEO מדויק, או לאשר את ההפניה למדור"
/library/pp/object/OP19/,/neo/academy/pp-pi/,/library/pp/object/,128,לבדיקה,רשומה עם 128 תווים בלבד; ייתכן שהתוכן חלקי,P2,"להעביר את התוכן לעמוד NEO מדויק, או לאשר את ההפניה למדור"
/library/pp/object/OP30/,/neo/academy/pp-pi/,/library/pp/object/,128,לבדיקה,רשומה עם 128 תווים בלבד; ייתכן שהתוכן חלקי,P2,"להעביר את התוכן לעמוד NEO מדויק, או לאשר את ההפניה למדור"
/library/pp/object/OP40/,/neo/academy/pp-pi/,/library/pp/object/,128,לבדיקה,רשומה עם 128 תווים בלבד; ייתכן שהתוכן חלקי,P2,"להעביר את התוכן לעמוד NEO מדויק, או לאשר את ההפניה למדור"
/library/pp/object/OP43/,/neo/academy/pp-pi/,/library/pp/object/,138,לבדיקה,רשומה עם 138 תווים בלבד; ייתכן שהתוכן חלקי,P2,"להעביר את התוכן לעמוד NEO מדויק, או לאשר את ההפניה למדור"
/library/pp/object/OP45/,/neo/academy/pp-pi/,/library/pp/object/,128,לבדיקה,רשומה עם 128 תווים בלבד; ייתכן שהתוכן חלקי,P2,"להעביר את התוכן לעמוד NEO מדויק, או לאשר את ההפניה למדור"
/library/pp/object/OP46/,/neo/academy/pp-pi/,/library/pp/object/,128,לבדיקה,רשומה עם 128 תווים בלבד; ייתכן שהתוכן חלקי,P2,"להעביר את התוכן לעמוד NEO מדויק, או לאשר את ההפניה למדור"
/library/pp/object/OP51/,/neo/academy/pp-pi/,/library/pp/object/,128,לבדיקה,רשומה עם 128 תווים בלבד; ייתכן שהתוכן חלקי,P2,"להעביר את התוכן לעמוד NEO מדויק, או לאשר את ההפניה למדור"
/library/pp/object/OP54/,/neo/academy/pp-pi/,/library/pp/object/,128,לבדיקה,רשומה עם 128 תווים בלבד; ייתכן שהתוכן חלקי,P2,"להעביר את התוכן לעמוד NEO מדויק, או לאשר את ההפניה למדור"
/library/pp/object/OP55/,/neo/academy/pp-pi/,/library/pp/object/,126,לבדיקה,רשומה עם 126 תווים בלבד; ייתכן שהתוכן חלקי,P2,"להעביר את התוכן לעמוד NEO מדויק, או לאשר את ההפניה למדור"
/library/pp/object/OP67/,/neo/academy/pp-pi/,/library/pp/object/,128,לבדיקה,רשומה עם 128 תווים בלבד; ייתכן שהתוכן חלקי,P2,"להעביר את התוכן לעמוד NEO מדויק, או לאשר את ההפניה למדור"
/library/pp/object/OP7B/,/neo/academy/pp-pi/,/library/pp/object/,128,לבדיקה,רשומה עם 128 תווים בלבד; ייתכן שהתוכן חלקי,P2,"להעביר את התוכן לעמוד NEO מדויק, או לאשר את ההפניה למדור"
/library/pp/object/OPA2/,/neo/academy/pp-pi/,/library/pp/object/,138,לבדיקה,רשומה עם 138 תווים בלבד; ייתכן שהתוכן חלקי,P2,"להעביר את התוכן לעמוד NEO מדויק, או לאשר את ההפניה למדור"
/library/pp/object/OPA3/,/neo/academy/pp-pi/,/library/pp/object/,138,לבדיקה,רשומה עם 138 תווים בלבד; ייתכן שהתוכן חלקי,P2,"להעביר את התוכן לעמוד NEO מדויק, או לאשר את ההפניה למדור"
/library/pp/object/OPA4/,/neo/academy/pp-pi/,/library/pp/object/,138,לבדיקה,רשומה עם 138 תווים בלבד; ייתכן שהתוכן חלקי,P2,"להעביר את התוכן לעמוד NEO מדויק, או לאשר את ההפניה למדור"
/library/pp/object/OPA5/,/neo/academy/pp-pi/,/library/pp/object/,138,לבדיקה,רשומה עם 138 תווים בלבד; ייתכן שהתוכן חלקי,P2,"להעביר את התוכן לעמוד NEO מדויק, או לאשר את ההפניה למדור"
/library/pp/object/OPA6/,/neo/academy/pp-pi/,/library/pp/object/,138,לבדיקה,רשומה עם 138 תווים בלבד; ייתכן שהתוכן חלקי,P2,"להעביר את התוכן לעמוד NEO מדויק, או לאשר את ההפניה למדור"
/library/pp/object/OPD0/,/neo/academy/pp-pi/,/library/pp/object/,138,לבדיקה,רשומה עם 138 תווים בלבד; ייתכן שהתוכן חלקי,P2,"להעביר את התוכן לעמוד NEO מדויק, או לאשר את ההפניה למדור"
/library/pp/object/OPD1/,/neo/academy/pp-pi/,/library/pp/object/,138,לבדיקה,רשומה עם 138 תווים בלבד; ייתכן שהתוכן חלקי,P2,"להעביר את התוכן לעמוד NEO מדויק, או לאשר את ההפניה למדור"
/library/pp/object/OPD2/,/neo/academy/pp-pi/,/library/pp/object/,138,לבדיקה,רשומה עם 138 תווים בלבד; ייתכן שהתוכן חלקי,P2,"להעביר את התוכן לעמוד NEO מדויק, או לאשר את ההפניה למדור"
/library/pp/object/OPD3/,/neo/academy/pp-pi/,/library/pp/object/,138,לבדיקה,רשומה עם 138 תווים בלבד; ייתכן שהתוכן חלקי,P2,"להעביר את התוכן לעמוד NEO מדויק, או לאשר את ההפניה למדור"
/library/pp/object/OPJ8/,/neo/academy/pp-pi/,/library/pp/object/,126,לבדיקה,רשומה עם 126 תווים בלבד; ייתכן שהתוכן חלקי,P2,"להעביר את התוכן לעמוד NEO מדויק, או לאשר את ההפניה למדור"
/library/pp/object/OPJ9/,/neo/academy/pp-pi/,/library/pp/object/,125,לבדיקה,רשומה עם 125 תווים בלבד; ייתכן שהתוכן חלקי,P2,"להעביר את התוכן לעמוד NEO מדויק, או לאשר את ההפניה למדור"
/library/pp/object/OPJH/,/neo/academy/pp-pi/,/library/pp/object/,128,לבדיקה,רשומה עם 128 תווים בלבד; ייתכן שהתוכן חלקי,P2,"להעביר את התוכן לעמוד NEO מדויק, או לאשר את ההפניה למדור"
/library/pp/object/OPK0/,/neo/academy/pp-pi/,/library/pp/object/,178,לבדיקה,רשומה עם 178 תווים בלבד; ייתכן שהתוכן חלקי,P2,"להעביר את התוכן לעמוד NEO מדויק, או לאשר את ההפניה למדור"
/library/pp/object/OPK1/,/neo/academy/pp-pi/,/library/pp/object/,133,לבדיקה,רשומה עם 133 תווים בלבד; ייתכן שהתוכן חלקי,P2,"להעביר את התוכן לעמוד NEO מדויק, או לאשר את ההפניה למדור"
/library/pp/object/OPK5/,/neo/academy/pp-pi/,/library/pp/object/,171,לבדיקה,רשומה עם 171 תווים בלבד; ייתכן שהתוכן חלקי,P2,"להעביר את התוכן לעמוד NEO מדויק, או לאשר את ההפניה למדור"
/library/pp/object/OPK8/,/neo/academy/pp-pi/,/library/pp/object/,128,לבדיקה,רשומה עם 128 תווים בלבד; ייתכן שהתוכן חלקי,P2,"להעביר את התוכן לעמוד NEO מדויק, או לאשר את ההפניה למדור"
/library/pp/object/OPN1/,/neo/academy/pp-pi/,/library/pp/object/,128,לבדיקה,רשומה עם 128 תווים בלבד; ייתכן שהתוכן חלקי,P2,"להעביר את התוכן לעמוד NEO מדויק, או לאשר את ההפניה למדור"
/library/pp/object/OPPQ/,/neo/academy/pp-pi/,/library/pp/object/,126,לבדיקה,רשומה עם 126 תווים בלבד; ייתכן שהתוכן חלקי,P2,"להעביר את התוכן לעמוד NEO מדויק, או לאשר את ההפניה למדור"
/library/pp/object/OPPR/,/neo/academy/pp-pi/,/library/pp/object/,126,לבדיקה,רשומה עם 126 תווים בלבד; ייתכן שהתוכן חלקי,P2,"להעביר את התוכן לעמוד NEO מדויק, או לאשר את ההפניה למדור"
/library/pp/object/OPU4/,/neo/academy/pp-pi/,/library/pp/object/,128,לבדיקה,רשומה עם 128 תווים בלבד; ייתכן שהתוכן חלקי,P2,"להעביר את התוכן לעמוד NEO מדויק, או לאשר את ההפניה למדור"
/library/pp/object/OPU5/,/neo/academy/pp-pi/,/library/pp/object/,257,לבדיקה,רשומה עם 257 תווים בלבד; ייתכן שהתוכן חלקי,P2,"להעביר את התוכן לעמוד NEO מדויק, או לאשר את ההפניה למדור"
/library/pp/object/OSP2/,/neo/academy/pp-pi/,/library/pp/object/,124,לבדיקה,רשומה עם 124 תווים בלבד; ייתכן שהתוכן חלקי,P2,"להעביר את התוכן לעמוד NEO מדויק, או לאשר את ההפניה למדור"
/library/pp/object/OSPT/,/neo/academy/pp-pi/,/library/pp/object/,124,לבדיקה,רשומה עם 124 תווים בלבד; ייתכן שהתוכן חלקי,P2,"להעביר את התוכן לעמוד NEO מדויק, או לאשר את ההפניה למדור"
/library/pp/object/OX09/,/neo/academy/pp-pi/,/library/pp/object/,125,לבדיקה,רשומה עם 125 תווים בלבד; ייתכן שהתוכן חלקי,P2,"להעביר את התוכן לעמוד NEO מדויק, או לאשר את ההפניה למדור"
/library/pp/object/OX10/,/neo/academy/pp-pi/,/library/pp/object/,125,לבדיקה,רשומה עם 125 תווים בלבד; ייתכן שהתוכן חלקי,P2,"להעביר את התוכן לעמוד NEO מדויק, או לאשר את ההפניה למדור"
/library/pp/object/PBED/,/neo/academy/pp-pi/,/library/pp/object/,181,לבדיקה,רשומה עם 181 תווים בלבד; ייתכן שהתוכן חלקי,P2,"להעביר את התוכן לעמוד NEO מדויק, או לאשר את ההפניה למדור"
/library/pp/object/PBIM/,/neo/academy/pp-pi/,/library/pp/object/,181,לבדיקה,רשומה עם 181 תווים בלבד; ייתכן שהתוכן חלקי,P2,"להעביר את התוכן לעמוד NEO מדויק, או לאשר את ההפניה למדור"
/library/pp/object/PK01/,/neo/academy/pp-pi/,/library/pp/object/,145,לבדיקה,רשומה עם 145 תווים בלבד; ייתכן שהתוכן חלקי,P2,"להעביר את התוכן לעמוד NEO מדויק, או לאשר את ההפניה למדור"
/library/pp/object/PK05/,/neo/academy/pp-pi/,/library/pp/object/,115,לבדיקה,רשומה עם 115 תווים בלבד; ייתכן שהתוכן חלקי,P2,"להעביר את התוכן לעמוד NEO מדויק, או לאשר את ההפניה למדור"
/library/pp/object/PK11/,/neo/academy/pp-pi/,/library/pp/object/,115,לבדיקה,רשומה עם 115 תווים בלבד; ייתכן שהתוכן חלקי,P2,"להעביר את התוכן לעמוד NEO מדויק, או לאשר את ההפניה למדור"
/library/pp/object/PK13N/,/neo/academy/pp-pi/,/library/pp/object/,118,לבדיקה,רשומה עם 118 תווים בלבד; ייתכן שהתוכן חלקי,P2,"להעביר את התוכן לעמוד NEO מדויק, או לאשר את ההפניה למדור"
/library/pp/object/PKBC/,/neo/academy/pp-pi/,/library/pp/object/,115,לבדיקה,רשומה עם 115 תווים בלבד; ייתכן שהתוכן חלקי,P2,"להעביר את התוכן לעמוד NEO מדויק, או לאשר את ההפניה למדור"
/library/pp/object/PKHD/,/neo/academy/pp-pi/,/library/pp/object/,114,לבדיקה,רשומה עם 114 תווים בלבד; ייתכן שהתוכן חלקי,P2,"להעביר את התוכן לעמוד NEO מדויק, או לאשר את ההפניה למדור"
/library/pp/object/PKPS/,/neo/academy/pp-pi/,/library/pp/object/,114,לבדיקה,רשומה עם 114 תווים בלבד; ייתכן שהתוכן חלקי,P2,"להעביר את התוכן לעמוד NEO מדויק, או לאשר את ההפניה למדור"
/library/pp/object/PLAF/,/neo/academy/pp-pi/,/library/pp/object/,125,לבדיקה,רשומה עם 125 תווים בלבד; ייתכן שהתוכן חלקי,P2,"להעביר את התוכן לעמוד NEO מדויק, או לאשר את ההפניה למדור"
/library/pp/object/PP04/,/neo/academy/pp-pi/,/library/pp/object/,181,לבדיקה,רשומה עם 181 תווים בלבד; ייתכן שהתוכן חלקי,P2,"להעביר את התוכן לעמוד NEO מדויק, או לאשר את ההפניה למדור"
/library/pp/object/PP10/,/neo/academy/pp-pi/,/library/pp/object/,530,כן,"רשומה עם 530 תווי טקסט משלה, ואין לה עמוד NEO",P2,"להעביר את התוכן לעמוד NEO מדויק, או לאשר את ההפניה למדור"
/library/pp/object/PP20/,/neo/academy/pp-pi/,/library/pp/object/,173,לבדיקה,רשומה עם 173 תווים בלבד; ייתכן שהתוכן חלקי,P2,"להעביר את התוכן לעמוד NEO מדויק, או לאשר את ההפניה למדור"
/library/pp/object/PPT1/,/neo/academy/pp-pi/,/library/pp/object/,138,לבדיקה,רשומה עם 138 תווים בלבד; ייתכן שהתוכן חלקי,P2,"להעביר את התוכן לעמוד NEO מדויק, או לאשר את ההפניה למדור"
/library/pp/object/PROP/,/neo/academy/pp-pi/,/library/pp/object/,128,לבדיקה,רשומה עם 128 תווים בלבד; ייתכן שהתוכן חלקי,P2,"להעביר את התוכן לעמוד NEO מדויק, או לאשר את ההפניה למדור"
/library/pp/object/RCOCB002/,/neo/academy/pp-pi/,/library/pp/object/,186,לבדיקה,רשומה עם 186 תווים בלבד; ייתכן שהתוכן חלקי,P2,"להעביר את התוכן לעמוד NEO מדויק, או לאשר את ההפניה למדור"
/library/pp/object/RCOCB004/,/neo/academy/pp-pi/,/library/pp/object/,186,לבדיקה,רשומה עם 186 תווים בלבד; ייתכן שהתוכן חלקי,P2,"להעביר את התוכן לעמוד NEO מדויק, או לאשר את ההפניה למדור"
/library/pp/object/RCOCB006/,/neo/academy/pp-pi/,/library/pp/object/,186,לבדיקה,רשומה עם 186 תווים בלבד; ייתכן שהתוכן חלקי,P2,"להעביר את התוכן לעמוד NEO מדויק, או לאשר את ההפניה למדור"
/library/pp/object/RMCPSOPP/,/neo/academy/pp-pi/,/library/pp/object/,142,לבדיקה,רשומה עם 142 תווים בלבד; ייתכן שהתוכן חלקי,P2,"להעביר את התוכן לעמוד NEO מדויק, או לאשר את ההפניה למדור"
/library/pp/object/RMMDDIBE/,/neo/academy/pp-pi/,/library/pp/object/,139,לבדיקה,רשומה עם 139 תווים בלבד; ייתכן שהתוכן חלקי,P2,"להעביר את התוכן לעמוד NEO מדויק, או לאשר את ההפניה למדור"
/library/pp/object/RMMRP000/,/neo/academy/pp-pi/,/library/pp/object/,139,לבדיקה,רשומה עם 139 תווים בלבד; ייתכן שהתוכן חלקי,P2,"להעביר את התוכן לעמוד NEO מדויק, או לאשר את ההפניה למדור"
/library/pp/object/RMPE_DATA_/,/neo/academy/pp-pi/,/library/pp/object/,157,לבדיקה,רשומה עם 157 תווים בלבד; ייתכן שהתוכן חלקי,P2,"להעביר את התוכן לעמוד NEO מדויק, או לאשר את ההפניה למדור"
/library/pp/object/SAP001/,/neo/academy/pp-pi/,/library/pp/object/,145,לבדיקה,רשומה עם 145 תווים בלבד; ייתכן שהתוכן חלקי,P2,"להעביר את התוכן לעמוד NEO מדויק, או לאשר את ההפניה למדור"
/library/pp/object/SAP002/,/neo/academy/pp-pi/,/library/pp/object/,145,לבדיקה,רשומה עם 145 תווים בלבד; ייתכן שהתוכן חלקי,P2,"להעביר את התוכן לעמוד NEO מדויק, או לאשר את ההפניה למדור"
/library/pp/object/SAP003/,/neo/academy/pp-pi/,/library/pp/object/,145,לבדיקה,רשומה עם 145 תווים בלבד; ייתכן שהתוכן חלקי,P2,"להעביר את התוכן לעמוד NEO מדויק, או לאשר את ההפניה למדור"
/library/pp/object/SAP004/,/neo/academy/pp-pi/,/library/pp/object/,145,לבדיקה,רשומה עם 145 תווים בלבד; ייתכן שהתוכן חלקי,P2,"להעביר את התוכן לעמוד NEO מדויק, או לאשר את ההפניה למדור"
/library/pp/object/SAP005/,/neo/academy/pp-pi/,/library/pp/object/,188,לבדיקה,רשומה עם 188 תווים בלבד; ייתכן שהתוכן חלקי,P2,"להעביר את התוכן לעמוד NEO מדויק, או לאשר את ההפניה למדור"
/library/pp/object/SAP006/,/neo/academy/pp-pi/,/library/pp/object/,133,לבדיקה,רשומה עם 133 תווים בלבד; ייתכן שהתוכן חלקי,P2,"להעביר את התוכן לעמוד NEO מדויק, או לאשר את ההפניה למדור"
/library/pp/object/SAP007/,/neo/academy/pp-pi/,/library/pp/object/,133,לבדיקה,רשומה עם 133 תווים בלבד; ייתכן שהתוכן חלקי,P2,"להעביר את התוכן לעמוד NEO מדויק, או לאשר את ההפניה למדור"
/library/pp/object/SAP101/,/neo/academy/pp-pi/,/library/pp/object/,140,לבדיקה,רשומה עם 140 תווים בלבד; ייתכן שהתוכן חלקי,P2,"להעביר את התוכן לעמוד NEO מדויק, או לאשר את ההפניה למדור"
/library/pp/object/SAPAPO/,/neo/academy/pp-pi/,/library/pp/object/,188,לבדיקה,רשומה עם 188 תווים בלבד; ייתכן שהתוכן חלקי,P2,"להעביר את התוכן לעמוד NEO מדויק, או לאשר את ההפניה למדור"
/library/pp/object/SAPB020/,/neo/academy/pp-pi/,/library/pp/object/,148,לבדיקה,רשומה עם 148 תווים בלבד; ייתכן שהתוכן חלקי,P2,"להעביר את התוכן לעמוד NEO מדויק, או לאשר את ההפניה למדור"
/library/pp/object/SAPLM61C_001/,/neo/academy/pp-pi/,/library/pp/object/,151,לבדיקה,רשומה עם 151 תווים בלבד; ייתכן שהתוכן חלקי,P2,"להעביר את התוכן לעמוד NEO מדויק, או לאשר את ההפניה למדור"
/library/pp/object/SAPLNOIZ/,/neo/academy/pp-pi/,/library/pp/object/,146,לבדיקה,רשומה עם 146 תווים בלבד; ייתכן שהתוכן חלקי,P2,"להעביר את התוכן לעמוד NEO מדויק, או לאשר את ההפניה למדור"
/library/pp/object/SAPPHIRE/,/neo/academy/pp-pi/,/library/pp/object/,151,לבדיקה,רשומה עם 151 תווים בלבד; ייתכן שהתוכן חלקי,P2,"להעביר את התוכן לעמוד NEO מדויק, או לאשר את ההפניה למדור"
/library/pp/object/SAPR01/,/neo/academy/pp-pi/,/library/pp/object/,133,לבדיקה,רשומה עם 133 תווים בלבד; ייתכן שהתוכן חלקי,P2,"להעביר את התוכן לעמוד NEO מדויק, או לאשר את ההפניה למדור"
/library/pp/object/SAPR02/,/neo/academy/pp-pi/,/library/pp/object/,133,לבדיקה,רשומה עם 133 תווים בלבד; ייתכן שהתוכן חלקי,P2,"להעביר את התוכן לעמוד NEO מדויק, או לאשר את ההפניה למדור"
/library/pp/object/SAPREM/,/neo/academy/pp-pi/,/library/pp/object/,145,לבדיקה,רשומה עם 145 תווים בלבד; ייתכן שהתוכן חלקי,P2,"להעביר את התוכן לעמוד NEO מדויק, או לאשר את ההפניה למדור"
/library/pp/object/SAPSFC010/,/neo/academy/pp-pi/,/library/pp/object/,154,לבדיקה,רשומה עם 154 תווים בלבד; ייתכן שהתוכן חלקי,P2,"להעביר את התוכן לעמוד NEO מדויק, או לאשר את ההפניה למדור"
/library/pp/object/SAPSFCA010/,/neo/academy/pp-pi/,/library/pp/object/,157,לבדיקה,רשומה עם 157 תווים בלבד; ייתכן שהתוכן חלקי,P2,"להעביר את התוכן לעמוד NEO מדויק, או לאשר את ההפניה למדור"
/library/pp/object/SAPSFCG011/,/neo/academy/pp-pi/,/library/pp/object/,157,לבדיקה,רשומה עם 157 תווים בלבד; ייתכן שהתוכן חלקי,P2,"להעביר את התוכן לעמוד NEO מדויק, או לאשר את ההפניה למדור"
/library/pp/object/SAPSFCG013/,/neo/academy/pp-pi/,/library/pp/object/,157,לבדיקה,רשומה עם 157 תווים בלבד; ייתכן שהתוכן חלקי,P2,"להעביר את התוכן לעמוד NEO מדויק, או לאשר את ההפניה למדור"
/library/pp/object/SAPSFCT001/,/neo/academy/pp-pi/,/library/pp/object/,157,לבדיקה,רשומה עם 157 תווים בלבד; ייתכן שהתוכן חלקי,P2,"להעביר את התוכן לעמוד NEO מדויק, או לאשר את ההפניה למדור"
/library/pp/object/SAPSFCZ002/,/neo/academy/pp-pi/,/library/pp/object/,157,לבדיקה,רשומה עם 157 תווים בלבד; ייתכן שהתוכן חלקי,P2,"להעביר את התוכן לעמוד NEO מדויק, או לאשר את ההפניה למדור"
/library/pp/object/SAPX912/,/neo/academy/pp-pi/,/library/pp/object/,148,לבדיקה,רשומה עם 148 תווים בלבד; ייתכן שהתוכן חלקי,P2,"להעביר את התוכן לעמוד NEO מדויק, או לאשר את ההפניה למדור"
/library/pp/object/SAP_01/,/neo/academy/pp-pi/,/library/pp/object/,135,לבדיקה,רשומה עם 135 תווים בלבד; ייתכן שהתוכן חלקי,P2,"להעביר את התוכן לעמוד NEO מדויק, או לאשר את ההפניה למדור"
/library/pp/object/SAP_02/,/neo/academy/pp-pi/,/library/pp/object/,135,לבדיקה,רשומה עם 135 תווים בלבד; ייתכן שהתוכן חלקי,P2,"להעביר את התוכן לעמוד NEO מדויק, או לאשר את ההפניה למדור"
/library/pp/object/SAP_03/,/neo/academy/pp-pi/,/library/pp/object/,135,לבדיקה,רשומה עם 135 תווים בלבד; ייתכן שהתוכן חלקי,P2,"להעביר את התוכן לעמוד NEO מדויק, או לאשר את ההפניה למדור"
/library/pp/object/SAP_08/,/neo/academy/pp-pi/,/library/pp/object/,135,לבדיקה,רשומה עם 135 תווים בלבד; ייתכן שהתוכן חלקי,P2,"להעביר את התוכן לעמוד NEO מדויק, או לאשר את ההפניה למדור"
/library/pp/object/SAP_09/,/neo/academy/pp-pi/,/library/pp/object/,135,לבדיקה,רשומה עם 135 תווים בלבד; ייתכן שהתוכן חלקי,P2,"להעביר את התוכן לעמוד NEO מדויק, או לאשר את ההפניה למדור"
/library/pp/object/SAP_11/,/neo/academy/pp-pi/,/library/pp/object/,135,לבדיקה,רשומה עם 135 תווים בלבד; ייתכן שהתוכן חלקי,P2,"להעביר את התוכן לעמוד NEO מדויק, או לאשר את ההפניה למדור"
/library/pp/object/SAP_APO/,/neo/academy/pp-pi/,/library/pp/object/,148,לבדיקה,רשומה עם 148 תווים בלבד; ייתכן שהתוכן חלקי,P2,"להעביר את התוכן לעמוד NEO מדויק, או לאשר את ההפניה למדור"
/library/pp/object/SAP_BR_BOM_ENGINEER/,/neo/academy/pp-pi/,/library/pp/object/,184,לבדיקה,רשומה עם 184 תווים בלבד; ייתכן שהתוכן חלקי,P2,"להעביר את התוכן לעמוד NEO מדויק, או לאשר את ההפניה למדור"
/library/pp/object/SAP_BR_PRODN_ENG_DISC_CAM/,/neo/academy/pp-pi/,/library/pp/object/,202,לבדיקה,רשומה עם 202 תווים בלבד; ייתכן שהתוכן חלקי,P2,"להעביר את התוכן לעמוד NEO מדויק, או לאשר את ההפניה למדור"
/library/pp/object/SAP_BR_PRODN_ENG_DISC_EME/,/neo/academy/pp-pi/,/library/pp/object/,202,לבדיקה,רשומה עם 202 תווים בלבד; ייתכן שהתוכן חלקי,P2,"להעביר את התוכן לעמוד NEO מדויק, או לאשר את ההפניה למדור"
/library/pp/object/SAP_BR_PRODN_OPTR_DISC_EPO/,/neo/academy/pp-pi/,/library/pp/object/,205,לבדיקה,רשומה עם 205 תווים בלבד; ייתכן שהתוכן חלקי,P2,"להעביר את התוכן לעמוד NEO מדויק, או לאשר את ההפניה למדור"
/library/pp/object/SAP_BR_PRODN_PROC_SPCLST_CAM/,/neo/academy/pp-pi/,/library/pp/object/,211,לבדיקה,רשומה עם 211 תווים בלבד; ייתכן שהתוכן חלקי,P2,"להעביר את התוכן לעמוד NEO מדויק, או לאשר את ההפניה למדור"
/library/pp/object/SAP_BR_PRODN_PROC_SPCLST_EPO/,/neo/academy/pp-pi/,/library/pp/object/,211,לבדיקה,רשומה עם 211 תווים בלבד; ייתכן שהתוכן חלקי,P2,"להעביר את התוכן לעמוד NEO מדויק, או לאשר את ההפניה למדור"
/library/pp/object/SAP_BR_PRODN_SUPERVISOR_DISC/,/neo/academy/pp-pi/,/library/pp/object/,211,לבדיקה,רשומה עם 211 תווים בלבד; ייתכן שהתוכן חלקי,P2,"להעביר את התוכן לעמוד NEO מדויק, או לאשר את ההפניה למדור"
/library/pp/object/SAP_BR_PRODN_SUPRVSR_DIS/,/neo/academy/pp-pi/,/library/pp/object/,199,לבדיקה,רשומה עם 199 תווים בלבד; ייתכן שהתוכן חלקי,P2,"להעביר את התוכן לעמוד NEO מדויק, או לאשר את ההפניה למדור"
/library/pp/object/SAP_BR_QUALITY_ENGINEER_EPO/,/neo/academy/pp-pi/,/library/pp/object/,208,לבדיקה,רשומה עם 208 תווים בלבד; ייתכן שהתוכן חלקי,P2,"להעביר את התוכן לעמוד NEO מדויק, או לאשר את ההפניה למדור"
/library/pp/object/SAP_DS_01/,/neo/academy/pp-pi/,/library/pp/object/,154,לבדיקה,רשומה עם 154 תווים בלבד; ייתכן שהתוכן חלקי,P2,"להעביר את התוכן לעמוד NEO מדויק, או לאשר את ההפניה למדור"
/library/pp/object/SAP_DS_02/,/neo/academy/pp-pi/,/library/pp/object/,154,לבדיקה,רשומה עם 154 תווים בלבד; ייתכן שהתוכן חלקי,P2,"להעביר את התוכן לעמוד NEO מדויק, או לאשר את ההפניה למדור"
/library/pp/object/SAP_DS_03/,/neo/academy/pp-pi/,/library/pp/object/,154,לבדיקה,רשומה עם 154 תווים בלבד; ייתכן שהתוכן חלקי,P2,"להעביר את התוכן לעמוד NEO מדויק, או לאשר את ההפניה למדור"
/library/pp/object/SAP_DS_04/,/neo/academy/pp-pi/,/library/pp/object/,154,לבדיקה,רשומה עם 154 תווים בלבד; ייתכן שהתוכן חלקי,P2,"להעביר את התוכן לעמוד NEO מדויק, או לאשר את ההפניה למדור"
/library/pp/object/SAP_NEW_/,/neo/academy/pp-pi/,/library/pp/object/,141,לבדיקה,רשומה עם 141 תווים בלבד; ייתכן שהתוכן חלקי,P2,"להעביר את התוכן לעמוד NEO מדויק, או לאשר את ההפניה למדור"
/library/pp/object/SAP_NEW_CONTROL_RECIPE/,/neo/academy/pp-pi/,/library/pp/object/,183,לבדיקה,רשומה עם 183 תווים בלבד; ייתכן שהתוכן חלקי,P2,"להעביר את התוכן לעמוד NEO מדויק, או לאשר את ההפניה למדור"
/library/pp/object/SAP_NEW_CONTROL_RECIPES/,/neo/academy/pp-pi/,/library/pp/object/,186,לבדיקה,רשומה עם 186 תווים בלבד; ייתכן שהתוכן חלקי,P2,"להעביר את התוכן לעמוד NEO מדויק, או לאשר את ההפניה למדור"
/library/pp/object/SAP_PP_002/,/neo/academy/pp-pi/,/library/pp/object/,157,לבדיקה,רשומה עם 157 תווים בלבד; ייתכן שהתוכן חלקי,P2,"להעביר את התוכן לעמוד NEO מדויק, או לאשר את ההפניה למדור"
/library/pp/object/SAP_PP_003/,/neo/academy/pp-pi/,/library/pp/object/,157,לבדיקה,רשומה עם 157 תווים בלבד; ייתכן שהתוכן חלקי,P2,"להעביר את התוכן לעמוד NEO מדויק, או לאשר את ההפניה למדור"
/library/pp/object/SAP_PP_004/,/neo/academy/pp-pi/,/library/pp/object/,157,לבדיקה,רשומה עם 157 תווים בלבד; ייתכן שהתוכן חלקי,P2,"להעביר את התוכן לעמוד NEO מדויק, או לאשר את ההפניה למדור"
/library/pp/object/SAP_PP_005/,/neo/academy/pp-pi/,/library/pp/object/,157,לבדיקה,רשומה עם 157 תווים בלבד; ייתכן שהתוכן חלקי,P2,"להעביר את התוכן לעמוד NEO מדויק, או לאשר את ההפניה למדור"
/library/pp/object/SAP_PP_007/,/neo/academy/pp-pi/,/library/pp/object/,157,לבדיקה,רשומה עם 157 תווים בלבד; ייתכן שהתוכן חלקי,P2,"להעביר את התוכן לעמוד NEO מדויק, או לאשר את ההפניה למדור"
/library/pp/object/SAP_PP_013/,/neo/academy/pp-pi/,/library/pp/object/,157,לבדיקה,רשומה עם 157 תווים בלבד; ייתכן שהתוכן חלקי,P2,"להעביר את התוכן לעמוד NEO מדויק, או לאשר את ההפניה למדור"
/library/pp/object/SAP_PP_C001/,/neo/academy/pp-pi/,/library/pp/object/,160,לבדיקה,רשומה עם 160 תווים בלבד; ייתכן שהתוכן חלקי,P2,"להעביר את התוכן לעמוד NEO מדויק, או לאשר את ההפניה למדור"
/library/pp/object/T001L/,/neo/academy/pp-pi/,/library/pp/object/,127,לבדיקה,רשומה עם 127 תווים בלבד; ייתכן שהתוכן חלקי,P2,"להעביר את התוכן לעמוד NEO מדויק, או לאשר את ההפניה למדור"
/library/pp/object/T001W/,/neo/academy/pp-pi/,/library/pp/object/,127,לבדיקה,רשומה עם 127 תווים בלבד; ייתכן שהתוכן חלקי,P2,"להעביר את התוכן לעמוד NEO מדויק, או לאשר את ההפניה למדור"
/library/pp/object/T399D/,/neo/academy/pp-pi/,/library/pp/object/,133,לבדיקה,רשומה עם 133 תווים בלבד; ייתכן שהתוכן חלקי,P2,"להעביר את התוכן לעמוד NEO מדויק, או לאשר את ההפניה למדור"
/oic/batch/,/neo/knowledge/,/oic/,1442,כן,"רשומה עם 1,442 תווי טקסט משלה, ואין לה עמוד NEO",P2,"להעביר את התוכן לעמוד NEO מדויק, או לאשר את ההפניה למדור"
/oic/bom/,/neo/knowledge/,/oic/,1261,כן,"רשומה עם 1,261 תווי טקסט משלה, ואין לה עמוד NEO",P2,"להעביר את התוכן לעמוד NEO מדויק, או לאשר את ההפניה למדור"
/oic/confirmation/,/neo/knowledge/,/oic/,1686,כן,"רשומה עם 1,686 תווי טקסט משלה, ואין לה עמוד NEO",P2,"להעביר את התוכן לעמוד NEO מדויק, או לאשר את ההפניה למדור"
/oic/inspection-lot/,/neo/knowledge/,/oic/,1429,כן,"רשומה עם 1,429 תווי טקסט משלה, ואין לה עמוד NEO",P2,"להעביר את התוכן לעמוד NEO מדויק, או לאשר את ההפניה למדור"
/oic/maintenance-order/,/neo/knowledge/,/oic/,2593,כן,"רשומה עם 2,593 תווי טקסט משלה, ואין לה עמוד NEO",P2,"להעביר את התוכן לעמוד NEO מדויק, או לאשר את ההפניה למדור"
/oic/maintenance-plan/,/neo/knowledge/,/oic/,1136,כן,"רשומה עם 1,136 תווי טקסט משלה, ואין לה עמוד NEO",P2,"להעביר את התוכן לעמוד NEO מדויק, או לאשר את ההפניה למדור"
/oic/master-recipe/,/neo/knowledge/,/oic/,1627,כן,"רשומה עם 1,627 תווי טקסט משלה, ואין לה עמוד NEO",P2,"להעביר את התוכן לעמוד NEO מדויק, או לאשר את ההפניה למדור"
/oic/material/,/neo/knowledge/,/oic/,1445,כן,"רשומה עם 1,445 תווי טקסט משלה, ואין לה עמוד NEO",P2,"להעביר את התוכן לעמוד NEO מדויק, או לאשר את ההפניה למדור"
/oic/measuring-point/,/neo/knowledge/,/oic/,1156,כן,"רשומה עם 1,156 תווי טקסט משלה, ואין לה עמוד NEO",P2,"להעביר את התוכן לעמוד NEO מדויק, או לאשר את ההפניה למדור"
/oic/notification/,/neo/knowledge/,/oic/,1351,כן,"רשומה עם 1,351 תווי טקסט משלה, ואין לה עמוד NEO",P2,"להעביר את התוכן לעמוד NEO מדויק, או לאשר את ההפניה למדור"
/oic/production-version/,/neo/knowledge/,/oic/,1276,כן,"רשומה עם 1,276 תווי טקסט משלה, ואין לה עמוד NEO",P2,"להעביר את התוכן לעמוד NEO מדויק, או לאשר את ההפניה למדור"
/oic/reservation/,/neo/knowledge/,/oic/,2001,כן,"רשומה עם 2,001 תווי טקסט משלה, ואין לה עמוד NEO",P2,"להעביר את התוכן לעמוד NEO מדויק, או לאשר את ההפניה למדור"
/oic/routing/,/neo/knowledge/,/oic/,1536,כן,"רשומה עם 1,536 תווי טקסט משלה, ואין לה עמוד NEO",P2,"להעביר את התוכן לעמוד NEO מדויק, או לאשר את ההפניה למדור"
/pm/bapis/,/neo/pm/,/pm/…,234,לבדיקה,רשומה עם 234 תווים בלבד; ייתכן שהתוכן חלקי,P2,"להעביר את התוכן לעמוד NEO מדויק, או לאשר את ההפניה למדור"
/pm/best-practices/,/neo/pm/,/pm/…,1184,כן,"רשומה עם 1,184 תווי טקסט משלה, ואין לה עמוד NEO",P2,"להעביר את התוכן לעמוד NEO מדויק, או לאשר את ההפניה למדור"
/pm/business-process/,/neo/pm/,/pm/…,327,כן,"רשומה עם 327 תווי טקסט משלה, ואין לה עמוד NEO",P2,"להעביר את התוכן לעמוד NEO מדויק, או לאשר את ההפניה למדור"
/pm/cds/,/neo/pm/,/pm/…,770,כן,"רשומה עם 770 תווי טקסט משלה, ואין לה עמוד NEO",P2,"להעביר את התוכן לעמוד NEO מדויק, או לאשר את ההפניה למדור"
/pm/configuration/,/neo/pm/,/pm/…,3484,כן,"רשומה עם 3,484 תווי טקסט משלה, ואין לה עמוד NEO",P2,"להעביר את התוכן לעמוד NEO מדויק, או לאשר את ההפניה למדור"
/pm/ecc-s4/,/neo/pm/,/pm/…,1792,כן,"רשומה עם 1,792 תווי טקסט משלה, ואין לה עמוד NEO",P2,"להעביר את התוכן לעמוד NEO מדויק, או לאשר את ההפניה למדור"
/pm/enhancements/,/neo/pm/,/pm/…,1682,כן,"רשומה עם 1,682 תווי טקסט משלה, ואין לה עמוד NEO",P2,"להעביר את התוכן לעמוד NEO מדויק, או לאשר את ההפניה למדור"
/pm/fiori/,/neo/pm/,/pm/…,1014,כן,"רשומה עם 1,014 תווי טקסט משלה, ואין לה עמוד NEO",P2,"להעביר את התוכן לעמוד NEO מדויק, או לאשר את ההפניה למדור"
/pm/integration/,/neo/pm/,/pm/…,228,לבדיקה,רשומה עם 228 תווים בלבד; ייתכן שהתוכן חלקי,P2,"להעביר את התוכן לעמוד NEO מדויק, או לאשר את ההפניה למדור"
/pm/master-data/,/neo/pm/,/pm/…,3885,כן,"רשומה עם 3,885 תווי טקסט משלה, ואין לה עמוד NEO",P2,"להעביר את התוכן לעמוד NEO מדויק, או לאשר את ההפניה למדור"
/pm/related/,/neo/pm/,/pm/…,159,לבדיקה,רשומה עם 159 תווים בלבד; ייתכן שהתוכן חלקי,P2,"להעביר את התוכן לעמוד NEO מדויק, או לאשר את ההפניה למדור"
/pm/relationships/,/neo/pm/,/pm/…,4811,כן,"רשומה עם 4,811 תווי טקסט משלה, ואין לה עמוד NEO",P2,"להעביר את התוכן לעמוד NEO מדויק, או לאשר את ההפניה למדור"
/pm/tables/,/neo/pm/,/pm/…,2610,כן,"רשומה עם 2,610 תווי טקסט משלה, ואין לה עמוד NEO",P2,"להעביר את התוכן לעמוד NEO מדויק, או לאשר את ההפניה למדור"
/pm/transactions/,/neo/pm/,/pm/…,595,כן,"רשומה עם 595 תווי טקסט משלה, ואין לה עמוד NEO",P2,"להעביר את התוכן לעמוד NEO מדויק, או לאשר את ההפניה למדור"
/pm/troubleshooting/,/neo/pm/,/pm/…,2929,כן,"רשומה עם 2,929 תווי טקסט משלה, ואין לה עמוד NEO",P2,"להעביר את התוכן לעמוד NEO מדויק, או לאשר את ההפניה למדור"
/pp-pi/bapis/,/neo/pp-pi/,/pp-pi/…,237,לבדיקה,רשומה עם 237 תווים בלבד; ייתכן שהתוכן חלקי,P2,"להעביר את התוכן לעמוד NEO מדויק, או לאשר את ההפניה למדור"
/pp-pi/best-practices/,/neo/pp-pi/,/pp-pi/…,968,כן,"רשומה עם 968 תווי טקסט משלה, ואין לה עמוד NEO",P2,"להעביר את התוכן לעמוד NEO מדויק, או לאשר את ההפניה למדור"
/pp-pi/business-process/,/neo/pp-pi/,/pp-pi/…,3366,כן,"רשומה עם 3,366 תווי טקסט משלה, ואין לה עמוד NEO",P2,"להעביר את התוכן לעמוד NEO מדויק, או לאשר את ההפניה למדור"
/pp-pi/cds/,/neo/pp-pi/,/pp-pi/…,928,כן,"רשומה עם 928 תווי טקסט משלה, ואין לה עמוד NEO",P2,"להעביר את התוכן לעמוד NEO מדויק, או לאשר את ההפניה למדור"
/pp-pi/configuration/,/neo/pp-pi/,/pp-pi/…,4845,כן,"רשומה עם 4,845 תווי טקסט משלה, ואין לה עמוד NEO",P2,"להעביר את התוכן לעמוד NEO מדויק, או לאשר את ההפניה למדור"
/pp-pi/ecc-s4/,/neo/pp-pi/,/pp-pi/…,1510,כן,"רשומה עם 1,510 תווי טקסט משלה, ואין לה עמוד NEO",P2,"להעביר את התוכן לעמוד NEO מדויק, או לאשר את ההפניה למדור"
/pp-pi/enhancements/,/neo/pp-pi/,/pp-pi/…,1569,כן,"רשומה עם 1,569 תווי טקסט משלה, ואין לה עמוד NEO",P2,"להעביר את התוכן לעמוד NEO מדויק, או לאשר את ההפניה למדור"
/pp-pi/fiori/,/neo/pp-pi/,/pp-pi/…,587,כן,"רשומה עם 587 תווי טקסט משלה, ואין לה עמוד NEO",P2,"להעביר את התוכן לעמוד NEO מדויק, או לאשר את ההפניה למדור"
/pp-pi/integration/,/neo/pp-pi/,/pp-pi/…,233,לבדיקה,רשומה עם 233 תווים בלבד; ייתכן שהתוכן חלקי,P2,"להעביר את התוכן לעמוד NEO מדויק, או לאשר את ההפניה למדור"
/pp-pi/master-data/,/neo/pp-pi/,/pp-pi/…,5275,כן,"רשומה עם 5,275 תווי טקסט משלה, ואין לה עמוד NEO",P2,"להעביר את התוכן לעמוד NEO מדויק, או לאשר את ההפניה למדור"
/pp-pi/related/,/neo/pp-pi/,/pp-pi/…,170,לבדיקה,רשומה עם 170 תווים בלבד; ייתכן שהתוכן חלקי,P2,"להעביר את התוכן לעמוד NEO מדויק, או לאשר את ההפניה למדור"
/pp-pi/relationships/,/neo/pp-pi/,/pp-pi/…,4907,כן,"רשומה עם 4,907 תווי טקסט משלה, ואין לה עמוד NEO",P2,"להעביר את התוכן לעמוד NEO מדויק, או לאשר את ההפניה למדור"
/pp-pi/tables/,/neo/pp-pi/,/pp-pi/…,2532,כן,"רשומה עם 2,532 תווי טקסט משלה, ואין לה עמוד NEO",P2,"להעביר את התוכן לעמוד NEO מדויק, או לאשר את ההפניה למדור"
/pp-pi/transactions/,/neo/pp-pi/,/pp-pi/…,461,כן,"רשומה עם 461 תווי טקסט משלה, ואין לה עמוד NEO",P2,"להעביר את התוכן לעמוד NEO מדויק, או לאשר את ההפניה למדור"
/pp-pi/troubleshooting/,/neo/pp-pi/,/pp-pi/…,5419,כן,"רשומה עם 5,419 תווי טקסט משלה, ואין לה עמוד NEO",P2,"להעביר את התוכן לעמוד NEO מדויק, או לאשר את ההפניה למדור"
/process/PM-1/,/neo/domain-model/,/process/,608,כן,"רשומה עם 608 תווי טקסט משלה, ואין לה עמוד NEO",P2,"להעביר את התוכן לעמוד NEO מדויק, או לאשר את ההפניה למדור"
/process/PM-10/,/neo/domain-model/,/process/,319,כן,"רשומה עם 319 תווי טקסט משלה, ואין לה עמוד NEO",P2,"להעביר את התוכן לעמוד NEO מדויק, או לאשר את ההפניה למדור"
/process/PM-11/,/neo/domain-model/,/process/,526,כן,"רשומה עם 526 תווי טקסט משלה, ואין לה עמוד NEO",P2,"להעביר את התוכן לעמוד NEO מדויק, או לאשר את ההפניה למדור"
/process/PM-12/,/neo/domain-model/,/process/,396,כן,"רשומה עם 396 תווי טקסט משלה, ואין לה עמוד NEO",P2,"להעביר את התוכן לעמוד NEO מדויק, או לאשר את ההפניה למדור"
/process/PM-2/,/neo/domain-model/,/process/,463,כן,"רשומה עם 463 תווי טקסט משלה, ואין לה עמוד NEO",P2,"להעביר את התוכן לעמוד NEO מדויק, או לאשר את ההפניה למדור"
/process/PM-3/,/neo/domain-model/,/process/,454,כן,"רשומה עם 454 תווי טקסט משלה, ואין לה עמוד NEO",P2,"להעביר את התוכן לעמוד NEO מדויק, או לאשר את ההפניה למדור"
/process/PM-4/,/neo/domain-model/,/process/,381,כן,"רשומה עם 381 תווי טקסט משלה, ואין לה עמוד NEO",P2,"להעביר את התוכן לעמוד NEO מדויק, או לאשר את ההפניה למדור"
/process/PM-5/,/neo/domain-model/,/process/,321,כן,"רשומה עם 321 תווי טקסט משלה, ואין לה עמוד NEO",P2,"להעביר את התוכן לעמוד NEO מדויק, או לאשר את ההפניה למדור"
/process/PM-6/,/neo/domain-model/,/process/,564,כן,"רשומה עם 564 תווי טקסט משלה, ואין לה עמוד NEO",P2,"להעביר את התוכן לעמוד NEO מדויק, או לאשר את ההפניה למדור"
/process/PM-7/,/neo/domain-model/,/process/,575,כן,"רשומה עם 575 תווי טקסט משלה, ואין לה עמוד NEO",P2,"להעביר את התוכן לעמוד NEO מדויק, או לאשר את ההפניה למדור"
/process/PM-8/,/neo/domain-model/,/process/,418,כן,"רשומה עם 418 תווי טקסט משלה, ואין לה עמוד NEO",P2,"להעביר את התוכן לעמוד NEO מדויק, או לאשר את ההפניה למדור"
/process/PM-9/,/neo/domain-model/,/process/,576,כן,"רשומה עם 576 תווי טקסט משלה, ואין לה עמוד NEO",P2,"להעביר את התוכן לעמוד NEO מדויק, או לאשר את ההפניה למדור"
/process/PP-PI-1/,/neo/domain-model/,/process/,850,כן,"רשומה עם 850 תווי טקסט משלה, ואין לה עמוד NEO",P2,"להעביר את התוכן לעמוד NEO מדויק, או לאשר את ההפניה למדור"
/process/PP-PI-2/,/neo/domain-model/,/process/,519,כן,"רשומה עם 519 תווי טקסט משלה, ואין לה עמוד NEO",P2,"להעביר את התוכן לעמוד NEO מדויק, או לאשר את ההפניה למדור"
/process/PP-PI-3/,/neo/domain-model/,/process/,681,כן,"רשומה עם 681 תווי טקסט משלה, ואין לה עמוד NEO",P2,"להעביר את התוכן לעמוד NEO מדויק, או לאשר את ההפניה למדור"
/process/PP-PI-4/,/neo/domain-model/,/process/,203,לבדיקה,רשומה עם 203 תווים בלבד; ייתכן שהתוכן חלקי,P2,"להעביר את התוכן לעמוד NEO מדויק, או לאשר את ההפניה למדור"
/process/PP-PI-5/,/neo/domain-model/,/process/,581,כן,"רשומה עם 581 תווי טקסט משלה, ואין לה עמוד NEO",P2,"להעביר את התוכן לעמוד NEO מדויק, או לאשר את ההפניה למדור"
/process/PP-PI-6/,/neo/domain-model/,/process/,622,כן,"רשומה עם 622 תווי טקסט משלה, ואין לה עמוד NEO",P2,"להעביר את התוכן לעמוד NEO מדויק, או לאשר את ההפניה למדור"
/process/PP-PI-7/,/neo/domain-model/,/process/,727,כן,"רשומה עם 727 תווי טקסט משלה, ואין לה עמוד NEO",P2,"להעביר את התוכן לעמוד NEO מדויק, או לאשר את ההפניה למדור"
/security/actvt/,/neo/centers/process-auth/,/security/,1421,כן,"רשומה עם 1,421 תווי טקסט משלה, ואין לה עמוד NEO",P2,"להעביר את התוכן לעמוד NEO מדויק, או לאשר את ההפניה למדור"
/security/auth-object/,/neo/centers/process-auth/,/security/,1547,כן,"רשומה עם 1,547 תווי טקסט משלה, ואין לה עמוד NEO",P2,"להעביר את התוכן לעמוד NEO מדויק, או לאשר את ההפניה למדור"
/security/derived-role/,/neo/centers/process-auth/,/security/,1453,כן,"רשומה עם 1,453 תווי טקסט משלה, ואין לה עמוד NEO",P2,"להעביר את התוכן לעמוד NEO מדויק, או לאשר את ההפניה למדור"
/security/org-levels/,/neo/centers/process-auth/,/security/,1487,כן,"רשומה עם 1,487 תווי טקסט משלה, ואין לה עמוד NEO",P2,"להעביר את התוכן לעמוד NEO מדויק, או לאשר את ההפניה למדור"
/security/profile/,/neo/centers/process-auth/,/security/,1431,כן,"רשומה עם 1,431 תווי טקסט משלה, ואין לה עמוד NEO",P2,"להעביר את התוכן לעמוד NEO מדויק, או לאשר את ההפניה למדור"
/security/s-tabu-dis/,/neo/centers/process-auth/,/security/,1496,כן,"רשומה עם 1,496 תווי טקסט משלה, ואין לה עמוד NEO",P2,"להעביר את התוכן לעמוד NEO מדויק, או לאשר את ההפניה למדור"
/security/s-tcode/,/neo/centers/process-auth/,/security/,1615,כן,"רשומה עם 1,615 תווי טקסט משלה, ואין לה עמוד NEO",P2,"להעביר את התוכן לעמוד NEO מדויק, או לאשר את ההפניה למדור"
/academy/dashboard/,/neo/academy/,/academy/,2898,החלטת בעלים,"כלי או לוח (2,898 תווים), לא רשומת ידע",P3,"להעביר את התוכן לעמוד NEO מדויק, או לאשר את ההפניה למדור"
/alm/,/neo/,/alm/,1901,החלטת בעלים,"כלי או לוח (1,901 תווים), לא רשומת ידע",P3,"להעביר את התוכן לעמוד NEO מדויק, או לאשר את ההפניה למדור"
/connector/,/neo/,/connector/,862,החלטת בעלים,"כלי או לוח (862 תווים), לא רשומת ידע",P3,"להעביר את התוכן לעמוד NEO מדויק, או לאשר את ההפניה למדור"
/delivery/,/neo/centers/toolkit/,/delivery/,1967,החלטת בעלים,"כלי או לוח (1,967 תווים), לא רשומת ידע",P3,"להעביר את התוכן לעמוד NEO מדויק, או לאשר את ההפניה למדור"
/design/concept-d-spec/,/neo/,/design/,7754,החלטת בעלים,"כלי או לוח (7,754 תווים), לא רשומת ידע",P3,"להעביר את התוכן לעמוד NEO מדויק, או לאשר את ההפניה למדור"
/design/concept-d/,/neo/,/design/,0,החלטת בעלים,"כלי או לוח (0 תווים), לא רשומת ידע",P3,"להעביר את התוכן לעמוד NEO מדויק, או לאשר את ההפניה למדור"
/design/matrix/,/neo/,/design/,6628,החלטת בעלים,"כלי או לוח (6,628 תווים), לא רשומת ידע",P3,"להעביר את התוכן לעמוד NEO מדויק, או לאשר את ההפניה למדור"
/design/system/,/neo/,/design/,3001,החלטת בעלים,"כלי או לוח (3,001 תווים), לא רשומת ידע",P3,"להעביר את התוכן לעמוד NEO מדויק, או לאשר את ההפניה למדור"
/evolution/,/neo/,/evolution/,2376,החלטת בעלים,"כלי או לוח (2,376 תווים), לא רשומת ידע",P3,"להעביר את התוכן לעמוד NEO מדויק, או לאשר את ההפניה למדור"
/graph/,/neo/erd/,/graph/,20,החלטת בעלים,"כלי או לוח (20 תווים), לא רשומת ידע",P3,"להעביר את התוכן לעמוד NEO מדויק, או לאשר את ההפניה למדור"
/guides/pm-calibration-process/,/neo/centers/,/guides/,1375,כן,"רשומה עם 1,375 תווי טקסט משלה, ואין לה עמוד NEO",P3,"להעביר את התוכן לעמוד NEO מדויק, או לאשר את ההפניה למדור"
/guides/pp-mrp-to-order/,/neo/centers/,/guides/,1310,כן,"רשומה עם 1,310 תווי טקסט משלה, ואין לה עמוד NEO",P3,"להעביר את התוכן לעמוד NEO מדויק, או לאשר את ההפניה למדור"
/guides/pppi-batch-traceability/,/neo/centers/,/guides/,1649,כן,"רשומה עם 1,649 תווי טקסט משלה, ואין לה עמוד NEO",P3,"להעביר את התוכן לעמוד NEO מדויק, או לאשר את ההפניה למדור"
/guides/pppi-mts-process-order/,/neo/centers/,/guides/,1867,כן,"רשומה עם 1,867 תווי טקסט משלה, ואין לה עמוד NEO",P3,"להעביר את התוכן לעמוד NEO מדויק, או לאשר את ההפניה למדור"
/import/,/neo/,/import/,1739,החלטת בעלים,"כלי או לוח (1,739 תווים), לא רשומת ידע",P3,"להעביר את התוכן לעמוד NEO מדויק, או לאשר את ההפניה למדור"
/knowledge/coverage/,/neo/knowledge/,/knowledge/,1609,החלטת בעלים,"כלי או לוח (1,609 תווים), לא רשומת ידע",P3,"להעביר את התוכן לעמוד NEO מדויק, או לאשר את ההפניה למדור"
/library/mm-quality-report/,/neo/academy/mm/,/library/mm-quality-report/,640,החלטת בעלים,"כלי או לוח (640 תווים), לא רשומת ידע",P3,"להעביר את התוכן לעמוד NEO מדויק, או לאשר את ההפניה למדור"
/library/pm-quality-report/,/neo/academy/pm/,/library/pm-quality-report/,748,החלטת בעלים,"כלי או לוח (748 תווים), לא רשומת ידע",P3,"להעביר את התוכן לעמוד NEO מדויק, או לאשר את ההפניה למדור"
/library/pmu-quality-report/,/neo/academy/pm-user/,/library/pmu-quality-report/,636,החלטת בעלים,"כלי או לוח (636 תווים), לא רשומת ידע",P3,"להעביר את התוכן לעמוד NEO מדויק, או לאשר את ההפניה למדור"
/library/pp-quality-report/,/neo/academy/pp-pi/,/library/pp-quality-report/,15218,החלטת בעלים,"כלי או לוח (15,218 תווים), לא רשומת ידע",P3,"להעביר את התוכן לעמוד NEO מדויק, או לאשר את ההפניה למדור"
/library/ppds-quality-report/,/neo/academy/pp-ds/,/library/ppds-quality-report/,649,החלטת בעלים,"כלי או לוח (649 תווים), לא רשומת ידע",P3,"להעביר את התוכן לעמוד NEO מדויק, או לאשר את ההפניה למדור"
/library/qm-quality-report/,/neo/academy/qm/,/library/qm-quality-report/,641,החלטת בעלים,"כלי או לוח (641 תווים), לא רשומת ידע",P3,"להעביר את התוכן לעמוד NEO מדויק, או לאשר את ההפניה למדור"
/library/sop-quality-report/,/neo/academy/sop/,/library/sop-quality-report/,639,החלטת בעלים,"כלי או לוח (639 תווים), לא רשומת ידע",P3,"להעביר את התוכן לעמוד NEO מדויק, או לאשר את ההפניה למדור"
/library/wm-quality-report/,/neo/academy/wm/,/library/wm-quality-report/,624,החלטת בעלים,"כלי או לוח (624 תווים), לא רשומת ידע",P3,"להעביר את התוכן לעמוד NEO מדויק, או לאשר את ההפניה למדור"
/lineage/,/neo/erd/,/lineage/,384,החלטת בעלים,"כלי או לוח (384 תווים), לא רשומת ידע",P3,"להעביר את התוכן לעמוד NEO מדויק, או לאשר את ההפניה למדור"
/notes-graph/,/neo/knowledge/,/notes-graph/,5075,החלטת בעלים,"כלי או לוח (5,075 תווים), לא רשומת ידע",P3,"להעביר את התוכן לעמוד NEO מדויק, או לאשר את ההפניה למדור"
/onboarding/,/neo/academy/,/onboarding/,985,החלטת בעלים,"כלי או לוח (985 תווים), לא רשומת ידע",P3,"להעביר את התוכן לעמוד NEO מדויק, או לאשר את ההפניה למדור"
/process-explorer/maintenance-management/,/neo/domain-model/,/process-explorer/,860,כן,"רשומה עם 860 תווי טקסט משלה, ואין לה עמוד NEO",P3,"להעביר את התוכן לעמוד NEO מדויק, או לאשר את ההפניה למדור"
/process-explorer/o2c/,/neo/domain-model/,/process-explorer/,781,כן,"רשומה עם 781 תווי טקסט משלה, ואין לה עמוד NEO",P3,"להעביר את התוכן לעמוד NEO מדויק, או לאשר את ההפניה למדור"
/process-explorer/p2p/,/neo/domain-model/,/process-explorer/,956,כן,"רשומה עם 956 תווי טקסט משלה, ואין לה עמוד NEO",P3,"להעביר את התוכן לעמוד NEO מדויק, או לאשר את ההפניה למדור"
/process-explorer/plan-to-produce/,/neo/domain-model/,/process-explorer/,1076,כן,"רשומה עם 1,076 תווי טקסט משלה, ואין לה עמוד NEO",P3,"להעביר את התוכן לעמוד NEO מדויק, או לאשר את ההפניה למדור"
/process-explorer/quality-management/,/neo/domain-model/,/process-explorer/,644,כן,"רשומה עם 644 תווי טקסט משלה, ואין לה עמוד NEO",P3,"להעביר את התוכן לעמוד NEO מדויק, או לאשר את ההפניה למדור"
/qa-testing/batch-validation/,/neo/centers/,/qa-testing/,458,כן,"רשומה עם 458 תווי טקסט משלה, ואין לה עמוד NEO",P3,"להעביר את התוכן לעמוד NEO מדויק, או לאשר את ההפניה למדור"
/qa-testing/confirmation-backflush/,/neo/centers/,/qa-testing/,405,כן,"רשומה עם 405 תווי טקסט משלה, ואין לה עמוד NEO",P3,"להעביר את התוכן לעמוד NEO מדויק, או לאשר את ההפניה למדור"
/qa-testing/integration-mes/,/neo/centers/,/qa-testing/,377,כן,"רשומה עם 377 תווי טקסט משלה, ואין לה עמוד NEO",P3,"להעביר את התוכן לעמוד NEO מדויק, או לאשר את ההפניה למדור"
/qa-testing/integration-pm-mm/,/neo/centers/,/qa-testing/,378,כן,"רשומה עם 378 תווי טקסט משלה, ואין לה עמוד NEO",P3,"להעביר את התוכן לעמוד NEO מדויק, או לאשר את ההפניה למדור"
/qa-testing/master-data-validation/,/neo/centers/,/qa-testing/,495,כן,"רשומה עם 495 תווי טקסט משלה, ואין לה עמוד NEO",P3,"להעביר את התוכן לעמוד NEO מדויק, או לאשר את ההפניה למדור"
/qa-testing/mrp-validation/,/neo/centers/,/qa-testing/,465,כן,"רשומה עם 465 תווי טקסט משלה, ואין לה עמוד NEO",P3,"להעביר את התוכן לעמוד NEO מדויק, או לאשר את ההפניה למדור"
/qa-testing/notification-validation/,/neo/centers/,/qa-testing/,382,כן,"רשומה עם 382 תווי טקסט משלה, ואין לה עמוד NEO",P3,"להעביר את התוכן לעמוד NEO מדויק, או לאשר את ההפניה למדור"
/qa-testing/pm-order-lifecycle/,/neo/centers/,/qa-testing/,477,כן,"רשומה עם 477 תווי טקסט משלה, ואין לה עמוד NEO",P3,"להעביר את התוכן לעמוד NEO מדויק, או לאשר את ההפניה למדור"
/qa-testing/pppi-process-order-lifecycle/,/neo/centers/,/qa-testing/,486,כן,"רשומה עם 486 תווי טקסט משלה, ואין לה עמוד NEO",P3,"להעביר את התוכן לעמוד NEO מדויק, או לאשר את ההפניה למדור"
/qa-testing/settlement-validation/,/neo/centers/,/qa-testing/,394,כן,"רשומה עם 394 תווי טקסט משלה, ואין לה עמוד NEO",P3,"להעביר את התוכן לעמוד NEO מדויק, או לאשר את ההפניה למדור"
/quality-audit/,/neo/s4-readiness/,/quality-audit/,804,החלטת בעלים,"כלי או לוח (804 תווים), לא רשומת ידע",P3,"להעביר את התוכן לעמוד NEO מדויק, או לאשר את ההפניה למדור"
/sap-infrastructure/,/neo/,/sap-infrastructure/,30,החלטת בעלים,"כלי או לוח (30 תווים), לא רשומת ידע",P3,"להעביר את התוכן לעמוד NEO מדויק, או לאשר את ההפניה למדור"
/story/pm-maintenance/,/neo/domain-model/,/story/,346,כן,"רשומה עם 346 תווי טקסט משלה, ואין לה עמוד NEO",P3,"להעביר את התוכן לעמוד NEO מדויק, או לאשר את ההפניה למדור"
/story/pppi-process-order/,/neo/domain-model/,/story/,328,כן,"רשומה עם 328 תווי טקסט משלה, ואין לה עמוד NEO",P3,"להעביר את התוכן לעמוד NEO מדויק, או לאשר את ההפניה למדור"
/verification/,/neo/s4hana/,/verification/,3488,החלטת בעלים,"כלי או לוח (3,488 תווים), לא רשומת ידע",P3,"להעביר את התוכן לעמוד NEO מדויק, או לאשר את ההפניה למדור"
/workbench/debugging/,/neo/centers/,/workbench/,4302,כן,"רשומה עם 4,302 תווי טקסט משלה, ואין לה עמוד NEO",P3,"להעביר את התוכן לעמוד NEO מדויק, או לאשר את ההפניה למדור"
/workbench/pm-advanced/,/neo/centers/,/workbench/,9107,כן,"רשומה עם 9,107 תווי טקסט משלה, ואין לה עמוד NEO",P3,"להעביר את התוכן לעמוד NEO מדויק, או לאשר את ההפניה למדור"
/workbench/pp-pi-advanced/,/neo/centers/,/workbench/,8510,כן,"רשומה עם 8,510 תווי טקסט משלה, ואין לה עמוד NEO",P3,"להעביר את התוכן לעמוד NEO מדויק, או לאשר את ההפניה למדור"
/workbench/qm/,/neo/centers/,/workbench/,8463,כן,"רשומה עם 8,463 תווי טקסט משלה, ואין לה עמוד NEO",P3,"להעביר את התוכן לעמוד NEO מדויק, או לאשר את ההפניה למדור"
