"OBJECT","OLD_ROUTE","NEO_ROUTE","DATA_SOURCE","OTHER_NEO_SURFACE","OLD_PAGE_IN_LAST_BUILD","NEO_PAGE_IN_LAST_BUILD","STATUS","NOTES"
"ACDOCA","/object/ACDOCA/","—","verified-objects","/neo/erd (node in the ERD catalogue)","yes","no","PARTIAL","/object/ACDOCA/ exists, /neo/object/ACDOCA/ does not. NEO generateStaticParams = tableNames() = the PM/PP-PI dictionary only, so every name sourced from verified-objects outside sapData gets no NEO object page. DATA IS PRESENT (verified-objects), NOT RENDERED as a NEO detail page. Checked: no file under app/neo/ or components/neo-shell/ imports data/verified-objects or lib/hr-bw-adapter, and components/neo-shell/search/command-index.ts does not index them either — so there is no migrated NEO copy. It DOES still appear as a node in the /neo/erd catalogue (sourced from public/sap-infrastructure/dataset.json), with no detail page behind it."
"ADMI_RUN","/object/ADMI_RUN/","/neo/object/ADMI_RUN/","sapData","/neo/erd (node in the ERD catalogue)","yes","yes","EXACT","both routes generate it; NEO view has 4 fields / 0 neighbours / 1 dictionary rows"
"ADSO","/object/ADSO/","—","hr-bw-adapter","/neo/erd (node in the ERD catalogue)","yes","no","PARTIAL","/object/ADSO/ exists, /neo/object/ADSO/ does not. NEO generateStaticParams = tableNames() = the PM/PP-PI dictionary only, so every name sourced from hr-bw-adapter outside sapData gets no NEO object page. DATA IS PRESENT (hr-bw-adapter), NOT RENDERED as a NEO detail page. Checked: no file under app/neo/ or components/neo-shell/ imports data/verified-objects or lib/hr-bw-adapter, and components/neo-shell/search/command-index.ts does not index them either — so there is no migrated NEO copy. It DOES still appear as a node in the /neo/erd catalogue (sourced from public/sap-infrastructure/dataset.json), with no detail page behind it."
"AFFH","/object/AFFH/","/neo/object/AFFH/","sapData","/neo/erd (node in the ERD catalogue)","yes","yes","EXACT","both routes generate it; NEO view has 3 fields / 1 neighbours / 1 dictionary rows"
"AFFL","/object/AFFL/","/neo/object/AFFL/","sapData","/neo/erd (node in the ERD catalogue)","yes","yes","EXACT","both routes generate it; NEO view has 4 fields / 1 neighbours / 1 dictionary rows"
"AFIH","/object/AFIH/","/neo/object/AFIH/","sapData","/neo/erd (node in the ERD catalogue)","yes","yes","EXACT","both routes generate it; NEO view has 6 fields / 3 neighbours / 1 dictionary rows"
"AFKO","/object/AFKO/","/neo/object/AFKO/","sapData","/neo/erd (node in the ERD catalogue)","yes","yes","EXACT","both routes generate it; NEO view has 8 fields / 7 neighbours / 2 dictionary rows"
"AFPO","/object/AFPO/","/neo/object/AFPO/","sapData","/neo/erd (node in the ERD catalogue)","yes","yes","EXACT","both routes generate it; NEO view has 6 fields / 2 neighbours / 2 dictionary rows"
"AFRU","/object/AFRU/","/neo/object/AFRU/","sapData","/neo/erd (node in the ERD catalogue)","yes","yes","EXACT","both routes generate it; NEO view has 5 fields / 1 neighbours / 1 dictionary rows"
"AFVC","/object/AFVC/","/neo/object/AFVC/","sapData","/neo/erd (node in the ERD catalogue)","yes","yes","EXACT","both routes generate it; NEO view has 6 fields / 2 neighbours / 2 dictionary rows"
"AFWI","/object/AFWI/","/neo/object/AFWI/","sapData","/neo/erd (node in the ERD catalogue)","yes","yes","EXACT","both routes generate it; NEO view has 4 fields / 0 neighbours / 1 dictionary rows"
"AUFK","/object/AUFK/","/neo/object/AUFK/","sapData","/neo/erd (node in the ERD catalogue)","yes","yes","EXACT","both routes generate it; NEO view has 6 fields / 14 neighbours / 2 dictionary rows"
"AnalysisForOffice","/object/AnalysisForOffice/","—","hr-bw-adapter","/neo/erd (node in the ERD catalogue)","yes","no","PARTIAL","/object/AnalysisForOffice/ exists, /neo/object/AnalysisForOffice/ does not. NEO generateStaticParams = tableNames() = the PM/PP-PI dictionary only, so every name sourced from hr-bw-adapter outside sapData gets no NEO object page. DATA IS PRESENT (hr-bw-adapter), NOT RENDERED as a NEO detail page. Checked: no file under app/neo/ or components/neo-shell/ imports data/verified-objects or lib/hr-bw-adapter, and components/neo-shell/search/command-index.ts does not index them either — so there is no migrated NEO copy. It DOES still appear as a node in the /neo/erd catalogue (sourced from public/sap-infrastructure/dataset.json), with no detail page behind it."
"BEx_Query","/object/BEx_Query/","—","hr-bw-adapter","/neo/erd (node in the ERD catalogue)","yes","no","PARTIAL","/object/BEx_Query/ exists, /neo/object/BEx_Query/ does not. NEO generateStaticParams = tableNames() = the PM/PP-PI dictionary only, so every name sourced from hr-bw-adapter outside sapData gets no NEO object page. DATA IS PRESENT (hr-bw-adapter), NOT RENDERED as a NEO detail page. Checked: no file under app/neo/ or components/neo-shell/ imports data/verified-objects or lib/hr-bw-adapter, and components/neo-shell/search/command-index.ts does not index them either — so there is no migrated NEO copy. It DOES still appear as a node in the /neo/erd catalogue (sourced from public/sap-infrastructure/dataset.json), with no detail page behind it."
"BKPF","/object/BKPF/","—","verified-objects","/neo/erd (node in the ERD catalogue)","yes","no","PARTIAL","/object/BKPF/ exists, /neo/object/BKPF/ does not. NEO generateStaticParams = tableNames() = the PM/PP-PI dictionary only, so every name sourced from verified-objects outside sapData gets no NEO object page. DATA IS PRESENT (verified-objects), NOT RENDERED as a NEO detail page. Checked: no file under app/neo/ or components/neo-shell/ imports data/verified-objects or lib/hr-bw-adapter, and components/neo-shell/search/command-index.ts does not index them either — so there is no migrated NEO copy. It DOES still appear as a node in the /neo/erd catalogue (sourced from public/sap-infrastructure/dataset.json), with no detail page behind it."
"BSEG","/object/BSEG/","—","verified-objects","/neo/erd (node in the ERD catalogue)","yes","no","PARTIAL","/object/BSEG/ exists, /neo/object/BSEG/ does not. NEO generateStaticParams = tableNames() = the PM/PP-PI dictionary only, so every name sourced from verified-objects outside sapData gets no NEO object page. DATA IS PRESENT (verified-objects), NOT RENDERED as a NEO detail page. Checked: no file under app/neo/ or components/neo-shell/ imports data/verified-objects or lib/hr-bw-adapter, and components/neo-shell/search/command-index.ts does not index them either — so there is no migrated NEO copy. It DOES still appear as a node in the /neo/erd catalogue (sourced from public/sap-infrastructure/dataset.json), with no detail page behind it."
"BUT000","/object/BUT000/","/neo/object/BUT000/","sapData","/neo/erd (node in the ERD catalogue)","yes","yes","EXACT","both routes generate it; NEO view has 5 fields / 1 neighbours / 2 dictionary rows"
"CDS_AnalyticalView","/object/CDS_AnalyticalView/","—","hr-bw-adapter","/neo/erd (node in the ERD catalogue)","yes","no","PARTIAL","/object/CDS_AnalyticalView/ exists, /neo/object/CDS_AnalyticalView/ does not. NEO generateStaticParams = tableNames() = the PM/PP-PI dictionary only, so every name sourced from hr-bw-adapter outside sapData gets no NEO object page. DATA IS PRESENT (hr-bw-adapter), NOT RENDERED as a NEO detail page. Checked: no file under app/neo/ or components/neo-shell/ imports data/verified-objects or lib/hr-bw-adapter, and components/neo-shell/search/command-index.ts does not index them either — so there is no migrated NEO copy. It DOES still appear as a node in the /neo/erd catalogue (sourced from public/sap-infrastructure/dataset.json), with no detail page behind it."
"COBRA","/object/COBRA/","/neo/object/COBRA/","sapData","/neo/erd (node in the ERD catalogue)","yes","yes","EXACT","both routes generate it; NEO view has 4 fields / 2 neighbours / 1 dictionary rows"
"COBRB","/object/COBRB/","/neo/object/COBRB/","sapData","/neo/erd (node in the ERD catalogue)","yes","yes","EXACT","both routes generate it; NEO view has 5 fields / 1 neighbours / 1 dictionary rows"
"COMP_Worksheet","/object/COMP_Worksheet/","—","hr-bw-adapter","/neo/erd (node in the ERD catalogue)","yes","no","PARTIAL","/object/COMP_Worksheet/ exists, /neo/object/COMP_Worksheet/ does not. NEO generateStaticParams = tableNames() = the PM/PP-PI dictionary only, so every name sourced from hr-bw-adapter outside sapData gets no NEO object page. DATA IS PRESENT (hr-bw-adapter), NOT RENDERED as a NEO detail page. Checked: no file under app/neo/ or components/neo-shell/ imports data/verified-objects or lib/hr-bw-adapter, and components/neo-shell/search/command-index.ts does not index them either — so there is no migrated NEO copy. It DOES still appear as a node in the /neo/erd catalogue (sourced from public/sap-infrastructure/dataset.json), with no detail page behind it."
"COSP","/object/COSP/","/neo/object/COSP/","sapData","/neo/erd (node in the ERD catalogue)","yes","yes","EXACT","both routes generate it; NEO view has 5 fields / 1 neighbours / 1 dictionary rows"
"COSS","/object/COSS/","/neo/object/COSS/","sapData","/neo/erd (node in the ERD catalogue)","yes","yes","EXACT","both routes generate it; NEO view has 5 fields / 1 neighbours / 1 dictionary rows"
"CRCA","/object/CRCA/","/neo/object/CRCA/","sapData","/neo/erd (node in the ERD catalogue)","yes","yes","EXACT","both routes generate it; NEO view has 4 fields / 2 neighbours / 1 dictionary rows"
"CRCO","/object/CRCO/","/neo/object/CRCO/","sapData","/neo/erd (node in the ERD catalogue)","yes","yes","EXACT","both routes generate it; NEO view has 6 fields / 2 neighbours / 1 dictionary rows"
"CRFH","/object/CRFH/","/neo/object/CRFH/","sapData","/neo/erd (node in the ERD catalogue)","yes","yes","EXACT","both routes generate it; NEO view has 4 fields / 0 neighbours / 1 dictionary rows"
"CRHD","/object/CRHD/","/neo/object/CRHD/","sapData","/neo/erd (node in the ERD catalogue)","yes","yes","EXACT","both routes generate it; NEO view has 7 fields / 7 neighbours / 2 dictionary rows"
"CRTX","/object/CRTX/","/neo/object/CRTX/","sapData","/neo/erd (node in the ERD catalogue)","yes","yes","EXACT","both routes generate it; NEO view has 4 fields / 1 neighbours / 2 dictionary rows"
"CRVD_A","/object/CRVD_A/","/neo/object/CRVD_A/","sapData","/neo/erd (node in the ERD catalogue)","yes","yes","EXACT","both routes generate it; NEO view has 3 fields / 1 neighbours / 1 dictionary rows"
"CSLA","/object/CSLA/","/neo/object/CSLA/","sapData","/neo/erd (node in the ERD catalogue)","yes","yes","EXACT","both routes generate it; NEO view has 3 fields / 1 neighbours / 1 dictionary rows"
"CompositeProvider","/object/CompositeProvider/","—","hr-bw-adapter","/neo/erd (node in the ERD catalogue)","yes","no","PARTIAL","/object/CompositeProvider/ exists, /neo/object/CompositeProvider/ does not. NEO generateStaticParams = tableNames() = the PM/PP-PI dictionary only, so every name sourced from hr-bw-adapter outside sapData gets no NEO object page. DATA IS PRESENT (hr-bw-adapter), NOT RENDERED as a NEO detail page. Checked: no file under app/neo/ or components/neo-shell/ imports data/verified-objects or lib/hr-bw-adapter, and components/neo-shell/search/command-index.ts does not index them either — so there is no migrated NEO copy. It DOES still appear as a node in the /neo/erd catalogue (sourced from public/sap-infrastructure/dataset.json), with no detail page behind it."
"EBAN","/object/EBAN/","/neo/object/EBAN/","sapData","/neo/erd (node in the ERD catalogue)","yes","yes","EXACT","both routes generate it; NEO view has 5 fields / 2 neighbours / 1 dictionary rows"
"EBKN","/object/EBKN/","/neo/object/EBKN/","sapData","/neo/erd (node in the ERD catalogue)","yes","yes","EXACT","both routes generate it; NEO view has 5 fields / 2 neighbours / 1 dictionary rows"
"EC_EmployeeProfile","/object/EC_EmployeeProfile/","—","hr-bw-adapter","/neo/erd (node in the ERD catalogue)","yes","no","PARTIAL","/object/EC_EmployeeProfile/ exists, /neo/object/EC_EmployeeProfile/ does not. NEO generateStaticParams = tableNames() = the PM/PP-PI dictionary only, so every name sourced from hr-bw-adapter outside sapData gets no NEO object page. DATA IS PRESENT (hr-bw-adapter), NOT RENDERED as a NEO detail page. Checked: no file under app/neo/ or components/neo-shell/ imports data/verified-objects or lib/hr-bw-adapter, and components/neo-shell/search/command-index.ts does not index them either — so there is no migrated NEO copy. It DOES still appear as a node in the /neo/erd catalogue (sourced from public/sap-infrastructure/dataset.json), with no detail page behind it."
"EC_EmploymentInfo","/object/EC_EmploymentInfo/","—","hr-bw-adapter","/neo/erd (node in the ERD catalogue)","yes","no","PARTIAL","/object/EC_EmploymentInfo/ exists, /neo/object/EC_EmploymentInfo/ does not. NEO generateStaticParams = tableNames() = the PM/PP-PI dictionary only, so every name sourced from hr-bw-adapter outside sapData gets no NEO object page. DATA IS PRESENT (hr-bw-adapter), NOT RENDERED as a NEO detail page. Checked: no file under app/neo/ or components/neo-shell/ imports data/verified-objects or lib/hr-bw-adapter, and components/neo-shell/search/command-index.ts does not index them either — so there is no migrated NEO copy. It DOES still appear as a node in the /neo/erd catalogue (sourced from public/sap-infrastructure/dataset.json), with no detail page behind it."
"EC_JobInformation","/object/EC_JobInformation/","—","hr-bw-adapter","/neo/erd (node in the ERD catalogue)","yes","no","PARTIAL","/object/EC_JobInformation/ exists, /neo/object/EC_JobInformation/ does not. NEO generateStaticParams = tableNames() = the PM/PP-PI dictionary only, so every name sourced from hr-bw-adapter outside sapData gets no NEO object page. DATA IS PRESENT (hr-bw-adapter), NOT RENDERED as a NEO detail page. Checked: no file under app/neo/ or components/neo-shell/ imports data/verified-objects or lib/hr-bw-adapter, and components/neo-shell/search/command-index.ts does not index them either — so there is no migrated NEO copy. It DOES still appear as a node in the /neo/erd catalogue (sourced from public/sap-infrastructure/dataset.json), with no detail page behind it."
"EC_Position","/object/EC_Position/","—","hr-bw-adapter","/neo/erd (node in the ERD catalogue)","yes","no","PARTIAL","/object/EC_Position/ exists, /neo/object/EC_Position/ does not. NEO generateStaticParams = tableNames() = the PM/PP-PI dictionary only, so every name sourced from hr-bw-adapter outside sapData gets no NEO object page. DATA IS PRESENT (hr-bw-adapter), NOT RENDERED as a NEO detail page. Checked: no file under app/neo/ or components/neo-shell/ imports data/verified-objects or lib/hr-bw-adapter, and components/neo-shell/search/command-index.ts does not index them either — so there is no migrated NEO copy. It DOES still appear as a node in the /neo/erd catalogue (sourced from public/sap-infrastructure/dataset.json), with no detail page behind it."
"EQKT","/object/EQKT/","/neo/object/EQKT/","sapData","/neo/erd (node in the ERD catalogue)","yes","yes","EXACT","both routes generate it; NEO view has 3 fields / 1 neighbours / 1 dictionary rows"
"EQST","/object/EQST/","/neo/object/EQST/","sapData","/neo/erd (node in the ERD catalogue)","yes","yes","EXACT","both routes generate it; NEO view has 4 fields / 2 neighbours / 1 dictionary rows"
"EQUI","/object/EQUI/","/neo/object/EQUI/","sapData","/neo/erd (node in the ERD catalogue)","yes","yes","EXACT","both routes generate it; NEO view has 6 fields / 8 neighbours / 1 dictionary rows"
"EQUZ","/object/EQUZ/","/neo/object/EQUZ/","sapData","/neo/erd (node in the ERD catalogue)","yes","yes","EXACT","both routes generate it; NEO view has 5 fields / 2 neighbours / 1 dictionary rows"
"FHMI","/object/FHMI/","/neo/object/FHMI/","sapData","/neo/erd (node in the ERD catalogue)","yes","yes","EXACT","both routes generate it; NEO view has 4 fields / 1 neighbours / 1 dictionary rows"
"FO_BusinessUnit","/object/FO_BusinessUnit/","—","hr-bw-adapter","/neo/erd (node in the ERD catalogue)","yes","no","PARTIAL","/object/FO_BusinessUnit/ exists, /neo/object/FO_BusinessUnit/ does not. NEO generateStaticParams = tableNames() = the PM/PP-PI dictionary only, so every name sourced from hr-bw-adapter outside sapData gets no NEO object page. DATA IS PRESENT (hr-bw-adapter), NOT RENDERED as a NEO detail page. Checked: no file under app/neo/ or components/neo-shell/ imports data/verified-objects or lib/hr-bw-adapter, and components/neo-shell/search/command-index.ts does not index them either — so there is no migrated NEO copy. It DOES still appear as a node in the /neo/erd catalogue (sourced from public/sap-infrastructure/dataset.json), with no detail page behind it."
"FO_CostCenter","/object/FO_CostCenter/","—","hr-bw-adapter","/neo/erd (node in the ERD catalogue)","yes","no","PARTIAL","/object/FO_CostCenter/ exists, /neo/object/FO_CostCenter/ does not. NEO generateStaticParams = tableNames() = the PM/PP-PI dictionary only, so every name sourced from hr-bw-adapter outside sapData gets no NEO object page. DATA IS PRESENT (hr-bw-adapter), NOT RENDERED as a NEO detail page. Checked: no file under app/neo/ or components/neo-shell/ imports data/verified-objects or lib/hr-bw-adapter, and components/neo-shell/search/command-index.ts does not index them either — so there is no migrated NEO copy. It DOES still appear as a node in the /neo/erd catalogue (sourced from public/sap-infrastructure/dataset.json), with no detail page behind it."
"FO_Department","/object/FO_Department/","—","hr-bw-adapter","/neo/erd (node in the ERD catalogue)","yes","no","PARTIAL","/object/FO_Department/ exists, /neo/object/FO_Department/ does not. NEO generateStaticParams = tableNames() = the PM/PP-PI dictionary only, so every name sourced from hr-bw-adapter outside sapData gets no NEO object page. DATA IS PRESENT (hr-bw-adapter), NOT RENDERED as a NEO detail page. Checked: no file under app/neo/ or components/neo-shell/ imports data/verified-objects or lib/hr-bw-adapter, and components/neo-shell/search/command-index.ts does not index them either — so there is no migrated NEO copy. It DOES still appear as a node in the /neo/erd catalogue (sourced from public/sap-infrastructure/dataset.json), with no detail page behind it."
"FO_Division","/object/FO_Division/","—","hr-bw-adapter","/neo/erd (node in the ERD catalogue)","yes","no","PARTIAL","/object/FO_Division/ exists, /neo/object/FO_Division/ does not. NEO generateStaticParams = tableNames() = the PM/PP-PI dictionary only, so every name sourced from hr-bw-adapter outside sapData gets no NEO object page. DATA IS PRESENT (hr-bw-adapter), NOT RENDERED as a NEO detail page. Checked: no file under app/neo/ or components/neo-shell/ imports data/verified-objects or lib/hr-bw-adapter, and components/neo-shell/search/command-index.ts does not index them either — so there is no migrated NEO copy. It DOES still appear as a node in the /neo/erd catalogue (sourced from public/sap-infrastructure/dataset.json), with no detail page behind it."
"FO_Location","/object/FO_Location/","—","hr-bw-adapter","/neo/erd (node in the ERD catalogue)","yes","no","PARTIAL","/object/FO_Location/ exists, /neo/object/FO_Location/ does not. NEO generateStaticParams = tableNames() = the PM/PP-PI dictionary only, so every name sourced from hr-bw-adapter outside sapData gets no NEO object page. DATA IS PRESENT (hr-bw-adapter), NOT RENDERED as a NEO detail page. Checked: no file under app/neo/ or components/neo-shell/ imports data/verified-objects or lib/hr-bw-adapter, and components/neo-shell/search/command-index.ts does not index them either — so there is no migrated NEO copy. It DOES still appear as a node in the /neo/erd catalogue (sourced from public/sap-infrastructure/dataset.json), with no detail page behind it."
"HRP1000","/object/HRP1000/","—","hr-bw-adapter","/neo/erd (node in the ERD catalogue)","yes","no","PARTIAL","/object/HRP1000/ exists, /neo/object/HRP1000/ does not. NEO generateStaticParams = tableNames() = the PM/PP-PI dictionary only, so every name sourced from hr-bw-adapter outside sapData gets no NEO object page. DATA IS PRESENT (hr-bw-adapter), NOT RENDERED as a NEO detail page. Checked: no file under app/neo/ or components/neo-shell/ imports data/verified-objects or lib/hr-bw-adapter, and components/neo-shell/search/command-index.ts does not index them either — so there is no migrated NEO copy. It DOES still appear as a node in the /neo/erd catalogue (sourced from public/sap-infrastructure/dataset.json), with no detail page behind it."
"HRP1001","/object/HRP1001/","—","hr-bw-adapter","/neo/erd (node in the ERD catalogue)","yes","no","PARTIAL","/object/HRP1001/ exists, /neo/object/HRP1001/ does not. NEO generateStaticParams = tableNames() = the PM/PP-PI dictionary only, so every name sourced from hr-bw-adapter outside sapData gets no NEO object page. DATA IS PRESENT (hr-bw-adapter), NOT RENDERED as a NEO detail page. Checked: no file under app/neo/ or components/neo-shell/ imports data/verified-objects or lib/hr-bw-adapter, and components/neo-shell/search/command-index.ts does not index them either — so there is no migrated NEO copy. It DOES still appear as a node in the /neo/erd catalogue (sourced from public/sap-infrastructure/dataset.json), with no detail page behind it."
"HRP1007","/object/HRP1007/","—","hr-bw-adapter","/neo/erd (node in the ERD catalogue)","yes","no","PARTIAL","/object/HRP1007/ exists, /neo/object/HRP1007/ does not. NEO generateStaticParams = tableNames() = the PM/PP-PI dictionary only, so every name sourced from hr-bw-adapter outside sapData gets no NEO object page. DATA IS PRESENT (hr-bw-adapter), NOT RENDERED as a NEO detail page. Checked: no file under app/neo/ or components/neo-shell/ imports data/verified-objects or lib/hr-bw-adapter, and components/neo-shell/search/command-index.ts does not index them either — so there is no migrated NEO copy. It DOES still appear as a node in the /neo/erd catalogue (sourced from public/sap-infrastructure/dataset.json), with no detail page behind it."
"IFLOS","/object/IFLOS/","/neo/object/IFLOS/","sapData","/neo/erd (node in the ERD catalogue)","yes","yes","EXACT","both routes generate it; NEO view has 5 fields / 1 neighbours / 1 dictionary rows"
"IFLOT","/object/IFLOT/","/neo/object/IFLOT/","sapData","/neo/erd (node in the ERD catalogue)","yes","yes","EXACT","both routes generate it; NEO view has 6 fields / 6 neighbours / 1 dictionary rows"
"ILOA","/object/ILOA/","/neo/object/ILOA/","sapData","/neo/erd (node in the ERD catalogue)","yes","yes","EXACT","both routes generate it; NEO view has 6 fields / 3 neighbours / 1 dictionary rows"
"IMPTT","/object/IMPTT/","/neo/object/IMPTT/","sapData","/neo/erd (node in the ERD catalogue)","yes","yes","EXACT","both routes generate it; NEO view has 6 fields / 1 neighbours / 1 dictionary rows"
"IMRG","/object/IMRG/","/neo/object/IMRG/","sapData","/neo/erd (node in the ERD catalogue)","yes","yes","EXACT","both routes generate it; NEO view has 6 fields / 1 neighbours / 1 dictionary rows"
"JEST","/object/JEST/","/neo/object/JEST/","sapData","/neo/erd (node in the ERD catalogue)","yes","yes","EXACT","both routes generate it; NEO view has 4 fields / 2 neighbours / 2 dictionary rows"
"JSTO","/object/JSTO/","/neo/object/JSTO/","sapData","/neo/erd (node in the ERD catalogue)","yes","yes","EXACT","both routes generate it; NEO view has 4 fields / 7 neighbours / 2 dictionary rows"
"KAKO","/object/KAKO/","/neo/object/KAKO/","sapData","/neo/erd (node in the ERD catalogue)","yes","yes","EXACT","both routes generate it; NEO view has 4 fields / 2 neighbours / 1 dictionary rows"
"KAZT","/object/KAZT/","/neo/object/KAZT/","sapData","/neo/erd (node in the ERD catalogue)","yes","yes","EXACT","both routes generate it; NEO view has 6 fields / 1 neighbours / 1 dictionary rows"
"KDST","/object/KDST/","/neo/object/KDST/","sapData","/neo/erd (node in the ERD catalogue)","yes","yes","EXACT","both routes generate it; NEO view has 4 fields / 1 neighbours / 1 dictionary rows"
"KNA1","/object/KNA1/","—","verified-objects","/neo/erd (node in the ERD catalogue)","yes","no","PARTIAL","/object/KNA1/ exists, /neo/object/KNA1/ does not. NEO generateStaticParams = tableNames() = the PM/PP-PI dictionary only, so every name sourced from verified-objects outside sapData gets no NEO object page. DATA IS PRESENT (verified-objects), NOT RENDERED as a NEO detail page. Checked: no file under app/neo/ or components/neo-shell/ imports data/verified-objects or lib/hr-bw-adapter, and components/neo-shell/search/command-index.ts does not index them either — so there is no migrated NEO copy. It DOES still appear as a node in the /neo/erd catalogue (sourced from public/sap-infrastructure/dataset.json), with no detail page behind it."
"LAGP","/object/LAGP/","—","verified-objects","none","yes","no","MISSING","/object/LAGP/ exists, /neo/object/LAGP/ does not. NEO generateStaticParams = tableNames() = the PM/PP-PI dictionary only, so every name sourced from verified-objects outside sapData gets no NEO object page. DATA IS PRESENT (verified-objects), NOT RENDERED as a NEO detail page. Checked: no file under app/neo/ or components/neo-shell/ imports data/verified-objects or lib/hr-bw-adapter, and components/neo-shell/search/command-index.ts does not index them either — so there is no migrated NEO copy. It appears on no NEO surface at all."
"LIKP","/object/LIKP/","—","verified-objects","/neo/erd (node in the ERD catalogue)","yes","no","PARTIAL","/object/LIKP/ exists, /neo/object/LIKP/ does not. NEO generateStaticParams = tableNames() = the PM/PP-PI dictionary only, so every name sourced from verified-objects outside sapData gets no NEO object page. DATA IS PRESENT (verified-objects), NOT RENDERED as a NEO detail page. Checked: no file under app/neo/ or components/neo-shell/ imports data/verified-objects or lib/hr-bw-adapter, and components/neo-shell/search/command-index.ts does not index them either — so there is no migrated NEO copy. It DOES still appear as a node in the /neo/erd catalogue (sourced from public/sap-infrastructure/dataset.json), with no detail page behind it."
"LIPS","/object/LIPS/","—","verified-objects","/neo/erd (node in the ERD catalogue)","yes","no","PARTIAL","/object/LIPS/ exists, /neo/object/LIPS/ does not. NEO generateStaticParams = tableNames() = the PM/PP-PI dictionary only, so every name sourced from verified-objects outside sapData gets no NEO object page. DATA IS PRESENT (verified-objects), NOT RENDERED as a NEO detail page. Checked: no file under app/neo/ or components/neo-shell/ imports data/verified-objects or lib/hr-bw-adapter, and components/neo-shell/search/command-index.ts does not index them either — so there is no migrated NEO copy. It DOES still appear as a node in the /neo/erd catalogue (sourced from public/sap-infrastructure/dataset.json), with no detail page behind it."
"LMS_Curriculum","/object/LMS_Curriculum/","—","hr-bw-adapter","/neo/erd (node in the ERD catalogue)","yes","no","PARTIAL","/object/LMS_Curriculum/ exists, /neo/object/LMS_Curriculum/ does not. NEO generateStaticParams = tableNames() = the PM/PP-PI dictionary only, so every name sourced from hr-bw-adapter outside sapData gets no NEO object page. DATA IS PRESENT (hr-bw-adapter), NOT RENDERED as a NEO detail page. Checked: no file under app/neo/ or components/neo-shell/ imports data/verified-objects or lib/hr-bw-adapter, and components/neo-shell/search/command-index.ts does not index them either — so there is no migrated NEO copy. It DOES still appear as a node in the /neo/erd catalogue (sourced from public/sap-infrastructure/dataset.json), with no detail page behind it."
"LMS_LearningItem","/object/LMS_LearningItem/","—","hr-bw-adapter","/neo/erd (node in the ERD catalogue)","yes","no","PARTIAL","/object/LMS_LearningItem/ exists, /neo/object/LMS_LearningItem/ does not. NEO generateStaticParams = tableNames() = the PM/PP-PI dictionary only, so every name sourced from hr-bw-adapter outside sapData gets no NEO object page. DATA IS PRESENT (hr-bw-adapter), NOT RENDERED as a NEO detail page. Checked: no file under app/neo/ or components/neo-shell/ imports data/verified-objects or lib/hr-bw-adapter, and components/neo-shell/search/command-index.ts does not index them either — so there is no migrated NEO copy. It DOES still appear as a node in the /neo/erd catalogue (sourced from public/sap-infrastructure/dataset.json), with no detail page behind it."
"LQUA","/object/LQUA/","—","verified-objects","none","yes","no","MISSING","/object/LQUA/ exists, /neo/object/LQUA/ does not. NEO generateStaticParams = tableNames() = the PM/PP-PI dictionary only, so every name sourced from verified-objects outside sapData gets no NEO object page. DATA IS PRESENT (verified-objects), NOT RENDERED as a NEO detail page. Checked: no file under app/neo/ or components/neo-shell/ imports data/verified-objects or lib/hr-bw-adapter, and components/neo-shell/search/command-index.ts does not index them either — so there is no migrated NEO copy. It appears on no NEO surface at all."
"LTAK","/object/LTAK/","—","verified-objects","none","yes","no","MISSING","/object/LTAK/ exists, /neo/object/LTAK/ does not. NEO generateStaticParams = tableNames() = the PM/PP-PI dictionary only, so every name sourced from verified-objects outside sapData gets no NEO object page. DATA IS PRESENT (verified-objects), NOT RENDERED as a NEO detail page. Checked: no file under app/neo/ or components/neo-shell/ imports data/verified-objects or lib/hr-bw-adapter, and components/neo-shell/search/command-index.ts does not index them either — so there is no migrated NEO copy. It appears on no NEO surface at all."
"LTAP","/object/LTAP/","—","verified-objects","none","yes","no","MISSING","/object/LTAP/ exists, /neo/object/LTAP/ does not. NEO generateStaticParams = tableNames() = the PM/PP-PI dictionary only, so every name sourced from verified-objects outside sapData gets no NEO object page. DATA IS PRESENT (verified-objects), NOT RENDERED as a NEO detail page. Checked: no file under app/neo/ or components/neo-shell/ imports data/verified-objects or lib/hr-bw-adapter, and components/neo-shell/search/command-index.ts does not index them either — so there is no migrated NEO copy. It appears on no NEO surface at all."
"MAKT","/object/MAKT/","/neo/object/MAKT/","sapData","/neo/erd (node in the ERD catalogue)","yes","yes","EXACT","both routes generate it; NEO view has 4 fields / 1 neighbours / 1 dictionary rows"
"MAPL","/object/MAPL/","/neo/object/MAPL/","sapData","/neo/erd (node in the ERD catalogue)","yes","yes","EXACT","both routes generate it; NEO view has 5 fields / 2 neighbours / 1 dictionary rows"
"MARA","/object/MARA/","/neo/object/MARA/","sapData","/neo/erd (node in the ERD catalogue)","yes","yes","EXACT","both routes generate it; NEO view has 8 fields / 10 neighbours / 1 dictionary rows"
"MARC","/object/MARC/","/neo/object/MARC/","sapData","/neo/erd (node in the ERD catalogue)","yes","yes","EXACT","both routes generate it; NEO view has 8 fields / 6 neighbours / 1 dictionary rows"
"MARD","/object/MARD/","/neo/object/MARD/","sapData","/neo/erd (node in the ERD catalogue)","yes","yes","EXACT","both routes generate it; NEO view has 5 fields / 1 neighbours / 1 dictionary rows"
"MARM","/object/MARM/","/neo/object/MARM/","sapData","/neo/erd (node in the ERD catalogue)","yes","yes","EXACT","both routes generate it; NEO view has 6 fields / 1 neighbours / 1 dictionary rows"
"MAST","/object/MAST/","/neo/object/MAST/","sapData","/neo/erd (node in the ERD catalogue)","yes","yes","EXACT","both routes generate it; NEO view has 5 fields / 4 neighbours / 2 dictionary rows"
"MBEW","/object/MBEW/","/neo/object/MBEW/","sapData","/neo/erd (node in the ERD catalogue)","yes","yes","EXACT","both routes generate it; NEO view has 6 fields / 1 neighbours / 1 dictionary rows"
"MCH1","/object/MCH1/","/neo/object/MCH1/","sapData","/neo/erd (node in the ERD catalogue)","yes","yes","EXACT","both routes generate it; NEO view has 7 fields / 2 neighbours / 1 dictionary rows"
"MCHA","/object/MCHA/","/neo/object/MCHA/","sapData","/neo/erd (node in the ERD catalogue)","yes","yes","EXACT","both routes generate it; NEO view has 4 fields / 1 neighbours / 1 dictionary rows"
"MDMA","/object/MDMA/","/neo/object/MDMA/","sapData","/neo/erd (node in the ERD catalogue)","yes","yes","EXACT","both routes generate it; NEO view has 4 fields / 1 neighbours / 1 dictionary rows"
"MEAN","/object/MEAN/","/neo/object/MEAN/","sapData","/neo/erd (node in the ERD catalogue)","yes","yes","EXACT","both routes generate it; NEO view has 5 fields / 1 neighbours / 1 dictionary rows"
"MHIO","/object/MHIO/","/neo/object/MHIO/","sapData","/neo/erd (node in the ERD catalogue)","yes","yes","EXACT","both routes generate it; NEO view has 5 fields / 2 neighbours / 1 dictionary rows"
"MHIS","/object/MHIS/","/neo/object/MHIS/","sapData","/neo/erd (node in the ERD catalogue)","yes","yes","EXACT","both routes generate it; NEO view has 4 fields / 1 neighbours / 1 dictionary rows"
"MKAL","/object/MKAL/","/neo/object/MKAL/","sapData","/neo/erd (node in the ERD catalogue)","yes","yes","EXACT","both routes generate it; NEO view has 15 fields / 1 neighbours / 1 dictionary rows"
"MKPF","/object/MKPF/","/neo/object/MKPF/","sapData","/neo/erd (node in the ERD catalogue)","yes","yes","EXACT","both routes generate it; NEO view has 5 fields / 1 neighbours / 1 dictionary rows"
"MLAN","/object/MLAN/","/neo/object/MLAN/","sapData","/neo/erd (node in the ERD catalogue)","yes","yes","EXACT","both routes generate it; NEO view has 3 fields / 1 neighbours / 1 dictionary rows"
"MLGN","/object/MLGN/","/neo/object/MLGN/","sapData","/neo/erd (node in the ERD catalogue)","yes","yes","EXACT","both routes generate it; NEO view has 4 fields / 2 neighbours / 1 dictionary rows"
"MLGT","/object/MLGT/","/neo/object/MLGT/","sapData","/neo/erd (node in the ERD catalogue)","yes","yes","EXACT","both routes generate it; NEO view has 4 fields / 1 neighbours / 1 dictionary rows"
"MPLA","/object/MPLA/","/neo/object/MPLA/","sapData","/neo/erd (node in the ERD catalogue)","yes","yes","EXACT","both routes generate it; NEO view has 5 fields / 3 neighbours / 1 dictionary rows"
"MPOS","/object/MPOS/","/neo/object/MPOS/","sapData","/neo/erd (node in the ERD catalogue)","yes","yes","EXACT","both routes generate it; NEO view has 6 fields / 3 neighbours / 1 dictionary rows"
"MSEG","/object/MSEG/","/neo/object/MSEG/","sapData","/neo/erd (node in the ERD catalogue)","yes","yes","EXACT","both routes generate it; NEO view has 6 fields / 2 neighbours / 1 dictionary rows"
"MVKE","/object/MVKE/","/neo/object/MVKE/","sapData","/neo/erd (node in the ERD catalogue)","yes","yes","EXACT","both routes generate it; NEO view has 4 fields / 1 neighbours / 1 dictionary rows"
"OBJK","/object/OBJK/","/neo/object/OBJK/","sapData","/neo/erd (node in the ERD catalogue)","yes","yes","EXACT","both routes generate it; NEO view has 5 fields / 1 neighbours / 1 dictionary rows"
"ODP_Queue","/object/ODP_Queue/","—","hr-bw-adapter","/neo/erd (node in the ERD catalogue)","yes","no","PARTIAL","/object/ODP_Queue/ exists, /neo/object/ODP_Queue/ does not. NEO generateStaticParams = tableNames() = the PM/PP-PI dictionary only, so every name sourced from hr-bw-adapter outside sapData gets no NEO object page. DATA IS PRESENT (hr-bw-adapter), NOT RENDERED as a NEO detail page. Checked: no file under app/neo/ or components/neo-shell/ imports data/verified-objects or lib/hr-bw-adapter, and components/neo-shell/search/command-index.ts does not index them either — so there is no migrated NEO copy. It DOES still appear as a node in the /neo/erd catalogue (sourced from public/sap-infrastructure/dataset.json), with no detail page behind it."
"ONB_Task","/object/ONB_Task/","—","hr-bw-adapter","/neo/erd (node in the ERD catalogue)","yes","no","PARTIAL","/object/ONB_Task/ exists, /neo/object/ONB_Task/ does not. NEO generateStaticParams = tableNames() = the PM/PP-PI dictionary only, so every name sourced from hr-bw-adapter outside sapData gets no NEO object page. DATA IS PRESENT (hr-bw-adapter), NOT RENDERED as a NEO detail page. Checked: no file under app/neo/ or components/neo-shell/ imports data/verified-objects or lib/hr-bw-adapter, and components/neo-shell/search/command-index.ts does not index them either — so there is no migrated NEO copy. It DOES still appear as a node in the /neo/erd catalogue (sourced from public/sap-infrastructure/dataset.json), with no detail page behind it."
"OpenODSView","/object/OpenODSView/","—","hr-bw-adapter","/neo/erd (node in the ERD catalogue)","yes","no","PARTIAL","/object/OpenODSView/ exists, /neo/object/OpenODSView/ does not. NEO generateStaticParams = tableNames() = the PM/PP-PI dictionary only, so every name sourced from hr-bw-adapter outside sapData gets no NEO object page. DATA IS PRESENT (hr-bw-adapter), NOT RENDERED as a NEO detail page. Checked: no file under app/neo/ or components/neo-shell/ imports data/verified-objects or lib/hr-bw-adapter, and components/neo-shell/search/command-index.ts does not index them either — so there is no migrated NEO copy. It DOES still appear as a node in the /neo/erd catalogue (sourced from public/sap-infrastructure/dataset.json), with no detail page behind it."
"PA0000","/object/PA0000/","—","hr-bw-adapter","/neo/erd (node in the ERD catalogue)","yes","no","PARTIAL","/object/PA0000/ exists, /neo/object/PA0000/ does not. NEO generateStaticParams = tableNames() = the PM/PP-PI dictionary only, so every name sourced from hr-bw-adapter outside sapData gets no NEO object page. DATA IS PRESENT (hr-bw-adapter), NOT RENDERED as a NEO detail page. Checked: no file under app/neo/ or components/neo-shell/ imports data/verified-objects or lib/hr-bw-adapter, and components/neo-shell/search/command-index.ts does not index them either — so there is no migrated NEO copy. It DOES still appear as a node in the /neo/erd catalogue (sourced from public/sap-infrastructure/dataset.json), with no detail page behind it."
"PA0001","/object/PA0001/","—","hr-bw-adapter","/neo/erd (node in the ERD catalogue)","yes","no","PARTIAL","/object/PA0001/ exists, /neo/object/PA0001/ does not. NEO generateStaticParams = tableNames() = the PM/PP-PI dictionary only, so every name sourced from hr-bw-adapter outside sapData gets no NEO object page. DATA IS PRESENT (hr-bw-adapter), NOT RENDERED as a NEO detail page. Checked: no file under app/neo/ or components/neo-shell/ imports data/verified-objects or lib/hr-bw-adapter, and components/neo-shell/search/command-index.ts does not index them either — so there is no migrated NEO copy. It DOES still appear as a node in the /neo/erd catalogue (sourced from public/sap-infrastructure/dataset.json), with no detail page behind it."
"PA0002","/object/PA0002/","—","hr-bw-adapter","/neo/erd (node in the ERD catalogue)","yes","no","PARTIAL","/object/PA0002/ exists, /neo/object/PA0002/ does not. NEO generateStaticParams = tableNames() = the PM/PP-PI dictionary only, so every name sourced from hr-bw-adapter outside sapData gets no NEO object page. DATA IS PRESENT (hr-bw-adapter), NOT RENDERED as a NEO detail page. Checked: no file under app/neo/ or components/neo-shell/ imports data/verified-objects or lib/hr-bw-adapter, and components/neo-shell/search/command-index.ts does not index them either — so there is no migrated NEO copy. It DOES still appear as a node in the /neo/erd catalogue (sourced from public/sap-infrastructure/dataset.json), with no detail page behind it."
"PA0006","/object/PA0006/","—","hr-bw-adapter","/neo/erd (node in the ERD catalogue)","yes","no","PARTIAL","/object/PA0006/ exists, /neo/object/PA0006/ does not. NEO generateStaticParams = tableNames() = the PM/PP-PI dictionary only, so every name sourced from hr-bw-adapter outside sapData gets no NEO object page. DATA IS PRESENT (hr-bw-adapter), NOT RENDERED as a NEO detail page. Checked: no file under app/neo/ or components/neo-shell/ imports data/verified-objects or lib/hr-bw-adapter, and components/neo-shell/search/command-index.ts does not index them either — so there is no migrated NEO copy. It DOES still appear as a node in the /neo/erd catalogue (sourced from public/sap-infrastructure/dataset.json), with no detail page behind it."
"PA0007","/object/PA0007/","—","hr-bw-adapter","/neo/erd (node in the ERD catalogue)","yes","no","PARTIAL","/object/PA0007/ exists, /neo/object/PA0007/ does not. NEO generateStaticParams = tableNames() = the PM/PP-PI dictionary only, so every name sourced from hr-bw-adapter outside sapData gets no NEO object page. DATA IS PRESENT (hr-bw-adapter), NOT RENDERED as a NEO detail page. Checked: no file under app/neo/ or components/neo-shell/ imports data/verified-objects or lib/hr-bw-adapter, and components/neo-shell/search/command-index.ts does not index them either — so there is no migrated NEO copy. It DOES still appear as a node in the /neo/erd catalogue (sourced from public/sap-infrastructure/dataset.json), with no detail page behind it."
"PA0008","/object/PA0008/","—","hr-bw-adapter","/neo/erd (node in the ERD catalogue)","yes","no","PARTIAL","/object/PA0008/ exists, /neo/object/PA0008/ does not. NEO generateStaticParams = tableNames() = the PM/PP-PI dictionary only, so every name sourced from hr-bw-adapter outside sapData gets no NEO object page. DATA IS PRESENT (hr-bw-adapter), NOT RENDERED as a NEO detail page. Checked: no file under app/neo/ or components/neo-shell/ imports data/verified-objects or lib/hr-bw-adapter, and components/neo-shell/search/command-index.ts does not index them either — so there is no migrated NEO copy. It DOES still appear as a node in the /neo/erd catalogue (sourced from public/sap-infrastructure/dataset.json), with no detail page behind it."
"PA0016","/object/PA0016/","—","hr-bw-adapter","/neo/erd (node in the ERD catalogue)","yes","no","PARTIAL","/object/PA0016/ exists, /neo/object/PA0016/ does not. NEO generateStaticParams = tableNames() = the PM/PP-PI dictionary only, so every name sourced from hr-bw-adapter outside sapData gets no NEO object page. DATA IS PRESENT (hr-bw-adapter), NOT RENDERED as a NEO detail page. Checked: no file under app/neo/ or components/neo-shell/ imports data/verified-objects or lib/hr-bw-adapter, and components/neo-shell/search/command-index.ts does not index them either — so there is no migrated NEO copy. It DOES still appear as a node in the /neo/erd catalogue (sourced from public/sap-infrastructure/dataset.json), with no detail page behind it."
"PA2001","/object/PA2001/","—","hr-bw-adapter","/neo/erd (node in the ERD catalogue)","yes","no","PARTIAL","/object/PA2001/ exists, /neo/object/PA2001/ does not. NEO generateStaticParams = tableNames() = the PM/PP-PI dictionary only, so every name sourced from hr-bw-adapter outside sapData gets no NEO object page. DATA IS PRESENT (hr-bw-adapter), NOT RENDERED as a NEO detail page. Checked: no file under app/neo/ or components/neo-shell/ imports data/verified-objects or lib/hr-bw-adapter, and components/neo-shell/search/command-index.ts does not index them either — so there is no migrated NEO copy. It DOES still appear as a node in the /neo/erd catalogue (sourced from public/sap-infrastructure/dataset.json), with no detail page behind it."
"PA2006","/object/PA2006/","—","hr-bw-adapter","/neo/erd (node in the ERD catalogue)","yes","no","PARTIAL","/object/PA2006/ exists, /neo/object/PA2006/ does not. NEO generateStaticParams = tableNames() = the PM/PP-PI dictionary only, so every name sourced from hr-bw-adapter outside sapData gets no NEO object page. DATA IS PRESENT (hr-bw-adapter), NOT RENDERED as a NEO detail page. Checked: no file under app/neo/ or components/neo-shell/ imports data/verified-objects or lib/hr-bw-adapter, and components/neo-shell/search/command-index.ts does not index them either — so there is no migrated NEO copy. It DOES still appear as a node in the /neo/erd catalogue (sourced from public/sap-infrastructure/dataset.json), with no detail page behind it."
"PCL2","/object/PCL2/","—","hr-bw-adapter","/neo/erd (node in the ERD catalogue)","yes","no","PARTIAL","/object/PCL2/ exists, /neo/object/PCL2/ does not. NEO generateStaticParams = tableNames() = the PM/PP-PI dictionary only, so every name sourced from hr-bw-adapter outside sapData gets no NEO object page. DATA IS PRESENT (hr-bw-adapter), NOT RENDERED as a NEO detail page. Checked: no file under app/neo/ or components/neo-shell/ imports data/verified-objects or lib/hr-bw-adapter, and components/neo-shell/search/command-index.ts does not index them either — so there is no migrated NEO copy. It DOES still appear as a node in the /neo/erd catalogue (sourced from public/sap-infrastructure/dataset.json), with no detail page behind it."
"PLAS","/object/PLAS/","/neo/object/PLAS/","sapData","/neo/erd (node in the ERD catalogue)","yes","yes","EXACT","both routes generate it; NEO view has 6 fields / 2 neighbours / 1 dictionary rows"
"PLFL","/object/PLFL/","/neo/object/PLFL/","sapData","/neo/erd (node in the ERD catalogue)","yes","yes","EXACT","both routes generate it; NEO view has 4 fields / 1 neighbours / 1 dictionary rows"
"PLKO","/object/PLKO/","/neo/object/PLKO/","sapData","/neo/erd (node in the ERD catalogue)","yes","yes","EXACT","both routes generate it; NEO view has 7 fields / 6 neighbours / 2 dictionary rows"
"PLMK","/object/PLMK/","/neo/object/PLMK/","sapData","/neo/erd (node in the ERD catalogue)","yes","yes","EXACT","both routes generate it; NEO view has 6 fields / 1 neighbours / 1 dictionary rows"
"PLMZ","/object/PLMZ/","/neo/object/PLMZ/","sapData","/neo/erd (node in the ERD catalogue)","yes","yes","EXACT","both routes generate it; NEO view has 5 fields / 1 neighbours / 1 dictionary rows"
"PLPO","/object/PLPO/","/neo/object/PLPO/","sapData","/neo/erd (node in the ERD catalogue)","yes","yes","EXACT","both routes generate it; NEO view has 10 fields / 6 neighbours / 2 dictionary rows"
"PLZU","/object/PLZU/","/neo/object/PLZU/","sapData","/neo/erd (node in the ERD catalogue)","yes","yes","EXACT","both routes generate it; NEO view has 3 fields / 1 neighbours / 1 dictionary rows"
"PM_Goal","/object/PM_Goal/","—","hr-bw-adapter","/neo/erd (node in the ERD catalogue)","yes","no","PARTIAL","/object/PM_Goal/ exists, /neo/object/PM_Goal/ does not. NEO generateStaticParams = tableNames() = the PM/PP-PI dictionary only, so every name sourced from hr-bw-adapter outside sapData gets no NEO object page. DATA IS PRESENT (hr-bw-adapter), NOT RENDERED as a NEO detail page. Checked: no file under app/neo/ or components/neo-shell/ imports data/verified-objects or lib/hr-bw-adapter, and components/neo-shell/search/command-index.ts does not index them either — so there is no migrated NEO copy. It DOES still appear as a node in the /neo/erd catalogue (sourced from public/sap-infrastructure/dataset.json), with no detail page behind it."
"PM_PerformanceForm","/object/PM_PerformanceForm/","—","hr-bw-adapter","/neo/erd (node in the ERD catalogue)","yes","no","PARTIAL","/object/PM_PerformanceForm/ exists, /neo/object/PM_PerformanceForm/ does not. NEO generateStaticParams = tableNames() = the PM/PP-PI dictionary only, so every name sourced from hr-bw-adapter outside sapData gets no NEO object page. DATA IS PRESENT (hr-bw-adapter), NOT RENDERED as a NEO detail page. Checked: no file under app/neo/ or components/neo-shell/ imports data/verified-objects or lib/hr-bw-adapter, and components/neo-shell/search/command-index.ts does not index them either — so there is no migrated NEO copy. It DOES still appear as a node in the /neo/erd catalogue (sourced from public/sap-infrastructure/dataset.json), with no detail page behind it."
"QMAT","/object/QMAT/","/neo/object/QMAT/","sapData","/neo/erd (node in the ERD catalogue)","yes","yes","EXACT","both routes generate it; NEO view has 4 fields / 1 neighbours / 1 dictionary rows"
"QMEL","/object/QMEL/","/neo/object/QMEL/","sapData","/neo/erd (node in the ERD catalogue)","yes","yes","EXACT","both routes generate it; NEO view has 6 fields / 7 neighbours / 1 dictionary rows"
"QMFE","/object/QMFE/","/neo/object/QMFE/","sapData","/neo/erd (node in the ERD catalogue)","yes","yes","EXACT","both routes generate it; NEO view has 6 fields / 2 neighbours / 1 dictionary rows"
"QMMA","/object/QMMA/","/neo/object/QMMA/","sapData","/neo/erd (node in the ERD catalogue)","yes","yes","EXACT","both routes generate it; NEO view has 4 fields / 1 neighbours / 1 dictionary rows"
"QMSM","/object/QMSM/","/neo/object/QMSM/","sapData","/neo/erd (node in the ERD catalogue)","yes","yes","EXACT","both routes generate it; NEO view has 5 fields / 1 neighbours / 1 dictionary rows"
"QMUR","/object/QMUR/","/neo/object/QMUR/","sapData","/neo/erd (node in the ERD catalogue)","yes","yes","EXACT","both routes generate it; NEO view has 5 fields / 1 neighbours / 1 dictionary rows"
"QPCD","/object/QPCD/","/neo/object/QPCD/","sapData","/neo/erd (node in the ERD catalogue)","yes","yes","EXACT","both routes generate it; NEO view has 4 fields / 1 neighbours / 1 dictionary rows"
"QPGR","/object/QPGR/","/neo/object/QPGR/","sapData","/neo/erd (node in the ERD catalogue)","yes","yes","EXACT","both routes generate it; NEO view has 4 fields / 2 neighbours / 1 dictionary rows"
"RCM_Candidate","/object/RCM_Candidate/","—","hr-bw-adapter","/neo/erd (node in the ERD catalogue)","yes","no","PARTIAL","/object/RCM_Candidate/ exists, /neo/object/RCM_Candidate/ does not. NEO generateStaticParams = tableNames() = the PM/PP-PI dictionary only, so every name sourced from hr-bw-adapter outside sapData gets no NEO object page. DATA IS PRESENT (hr-bw-adapter), NOT RENDERED as a NEO detail page. Checked: no file under app/neo/ or components/neo-shell/ imports data/verified-objects or lib/hr-bw-adapter, and components/neo-shell/search/command-index.ts does not index them either — so there is no migrated NEO copy. It DOES still appear as a node in the /neo/erd catalogue (sourced from public/sap-infrastructure/dataset.json), with no detail page behind it."
"RCM_JobRequisition","/object/RCM_JobRequisition/","—","hr-bw-adapter","/neo/erd (node in the ERD catalogue)","yes","no","PARTIAL","/object/RCM_JobRequisition/ exists, /neo/object/RCM_JobRequisition/ does not. NEO generateStaticParams = tableNames() = the PM/PP-PI dictionary only, so every name sourced from hr-bw-adapter outside sapData gets no NEO object page. DATA IS PRESENT (hr-bw-adapter), NOT RENDERED as a NEO detail page. Checked: no file under app/neo/ or components/neo-shell/ imports data/verified-objects or lib/hr-bw-adapter, and components/neo-shell/search/command-index.ts does not index them either — so there is no migrated NEO copy. It DOES still appear as a node in the /neo/erd catalogue (sourced from public/sap-infrastructure/dataset.json), with no detail page behind it."
"RESB","/object/RESB/","/neo/object/RESB/","sapData","/neo/erd (node in the ERD catalogue)","yes","yes","EXACT","both routes generate it; NEO view has 6 fields / 2 neighbours / 2 dictionary rows"
"ROOSFIELD","/object/ROOSFIELD/","—","hr-bw-adapter","/neo/erd (node in the ERD catalogue)","yes","no","PARTIAL","/object/ROOSFIELD/ exists, /neo/object/ROOSFIELD/ does not. NEO generateStaticParams = tableNames() = the PM/PP-PI dictionary only, so every name sourced from hr-bw-adapter outside sapData gets no NEO object page. DATA IS PRESENT (hr-bw-adapter), NOT RENDERED as a NEO detail page. Checked: no file under app/neo/ or components/neo-shell/ imports data/verified-objects or lib/hr-bw-adapter, and components/neo-shell/search/command-index.ts does not index them either — so there is no migrated NEO copy. It DOES still appear as a node in the /neo/erd catalogue (sourced from public/sap-infrastructure/dataset.json), with no detail page behind it."
"ROOSOURCE","/object/ROOSOURCE/","—","hr-bw-adapter","/neo/erd (node in the ERD catalogue)","yes","no","PARTIAL","/object/ROOSOURCE/ exists, /neo/object/ROOSOURCE/ does not. NEO generateStaticParams = tableNames() = the PM/PP-PI dictionary only, so every name sourced from hr-bw-adapter outside sapData gets no NEO object page. DATA IS PRESENT (hr-bw-adapter), NOT RENDERED as a NEO detail page. Checked: no file under app/neo/ or components/neo-shell/ imports data/verified-objects or lib/hr-bw-adapter, and components/neo-shell/search/command-index.ts does not index them either — so there is no migrated NEO copy. It DOES still appear as a node in the /neo/erd catalogue (sourced from public/sap-infrastructure/dataset.json), with no detail page behind it."
"RSBKDTP","/object/RSBKDTP/","—","hr-bw-adapter","/neo/erd (node in the ERD catalogue)","yes","no","PARTIAL","/object/RSBKDTP/ exists, /neo/object/RSBKDTP/ does not. NEO generateStaticParams = tableNames() = the PM/PP-PI dictionary only, so every name sourced from hr-bw-adapter outside sapData gets no NEO object page. DATA IS PRESENT (hr-bw-adapter), NOT RENDERED as a NEO detail page. Checked: no file under app/neo/ or components/neo-shell/ imports data/verified-objects or lib/hr-bw-adapter, and components/neo-shell/search/command-index.ts does not index them either — so there is no migrated NEO copy. It DOES still appear as a node in the /neo/erd catalogue (sourced from public/sap-infrastructure/dataset.json), with no detail page behind it."
"RSDCUBE","/object/RSDCUBE/","—","hr-bw-adapter","/neo/erd (node in the ERD catalogue)","yes","no","PARTIAL","/object/RSDCUBE/ exists, /neo/object/RSDCUBE/ does not. NEO generateStaticParams = tableNames() = the PM/PP-PI dictionary only, so every name sourced from hr-bw-adapter outside sapData gets no NEO object page. DATA IS PRESENT (hr-bw-adapter), NOT RENDERED as a NEO detail page. Checked: no file under app/neo/ or components/neo-shell/ imports data/verified-objects or lib/hr-bw-adapter, and components/neo-shell/search/command-index.ts does not index them either — so there is no migrated NEO copy. It DOES still appear as a node in the /neo/erd catalogue (sourced from public/sap-infrastructure/dataset.json), with no detail page behind it."
"RSDIOBJ","/object/RSDIOBJ/","—","hr-bw-adapter","/neo/erd (node in the ERD catalogue)","yes","no","PARTIAL","/object/RSDIOBJ/ exists, /neo/object/RSDIOBJ/ does not. NEO generateStaticParams = tableNames() = the PM/PP-PI dictionary only, so every name sourced from hr-bw-adapter outside sapData gets no NEO object page. DATA IS PRESENT (hr-bw-adapter), NOT RENDERED as a NEO detail page. Checked: no file under app/neo/ or components/neo-shell/ imports data/verified-objects or lib/hr-bw-adapter, and components/neo-shell/search/command-index.ts does not index them either — so there is no migrated NEO copy. It DOES still appear as a node in the /neo/erd catalogue (sourced from public/sap-infrastructure/dataset.json), with no detail page behind it."
"RSDIOBJT","/object/RSDIOBJT/","—","hr-bw-adapter","/neo/erd (node in the ERD catalogue)","yes","no","PARTIAL","/object/RSDIOBJT/ exists, /neo/object/RSDIOBJT/ does not. NEO generateStaticParams = tableNames() = the PM/PP-PI dictionary only, so every name sourced from hr-bw-adapter outside sapData gets no NEO object page. DATA IS PRESENT (hr-bw-adapter), NOT RENDERED as a NEO detail page. Checked: no file under app/neo/ or components/neo-shell/ imports data/verified-objects or lib/hr-bw-adapter, and components/neo-shell/search/command-index.ts does not index them either — so there is no migrated NEO copy. It DOES still appear as a node in the /neo/erd catalogue (sourced from public/sap-infrastructure/dataset.json), with no detail page behind it."
"RSDODSO","/object/RSDODSO/","—","hr-bw-adapter","/neo/erd (node in the ERD catalogue)","yes","no","PARTIAL","/object/RSDODSO/ exists, /neo/object/RSDODSO/ does not. NEO generateStaticParams = tableNames() = the PM/PP-PI dictionary only, so every name sourced from hr-bw-adapter outside sapData gets no NEO object page. DATA IS PRESENT (hr-bw-adapter), NOT RENDERED as a NEO detail page. Checked: no file under app/neo/ or components/neo-shell/ imports data/verified-objects or lib/hr-bw-adapter, and components/neo-shell/search/command-index.ts does not index them either — so there is no migrated NEO copy. It DOES still appear as a node in the /neo/erd catalogue (sourced from public/sap-infrastructure/dataset.json), with no detail page behind it."
"RSDS","/object/RSDS/","—","hr-bw-adapter","/neo/erd (node in the ERD catalogue)","yes","no","PARTIAL","/object/RSDS/ exists, /neo/object/RSDS/ does not. NEO generateStaticParams = tableNames() = the PM/PP-PI dictionary only, so every name sourced from hr-bw-adapter outside sapData gets no NEO object page. DATA IS PRESENT (hr-bw-adapter), NOT RENDERED as a NEO detail page. Checked: no file under app/neo/ or components/neo-shell/ imports data/verified-objects or lib/hr-bw-adapter, and components/neo-shell/search/command-index.ts does not index them either — so there is no migrated NEO copy. It DOES still appear as a node in the /neo/erd catalogue (sourced from public/sap-infrastructure/dataset.json), with no detail page behind it."
"RSECVAL","/object/RSECVAL/","—","hr-bw-adapter","/neo/erd (node in the ERD catalogue)","yes","no","PARTIAL","/object/RSECVAL/ exists, /neo/object/RSECVAL/ does not. NEO generateStaticParams = tableNames() = the PM/PP-PI dictionary only, so every name sourced from hr-bw-adapter outside sapData gets no NEO object page. DATA IS PRESENT (hr-bw-adapter), NOT RENDERED as a NEO detail page. Checked: no file under app/neo/ or components/neo-shell/ imports data/verified-objects or lib/hr-bw-adapter, and components/neo-shell/search/command-index.ts does not index them either — so there is no migrated NEO copy. It DOES still appear as a node in the /neo/erd catalogue (sourced from public/sap-infrastructure/dataset.json), with no detail page behind it."
"RSPCCHAIN","/object/RSPCCHAIN/","—","hr-bw-adapter","/neo/erd (node in the ERD catalogue)","yes","no","PARTIAL","/object/RSPCCHAIN/ exists, /neo/object/RSPCCHAIN/ does not. NEO generateStaticParams = tableNames() = the PM/PP-PI dictionary only, so every name sourced from hr-bw-adapter outside sapData gets no NEO object page. DATA IS PRESENT (hr-bw-adapter), NOT RENDERED as a NEO detail page. Checked: no file under app/neo/ or components/neo-shell/ imports data/verified-objects or lib/hr-bw-adapter, and components/neo-shell/search/command-index.ts does not index them either — so there is no migrated NEO copy. It DOES still appear as a node in the /neo/erd catalogue (sourced from public/sap-infrastructure/dataset.json), with no detail page behind it."
"RSPCLOGCHAIN","/object/RSPCLOGCHAIN/","—","hr-bw-adapter","/neo/erd (node in the ERD catalogue)","yes","no","PARTIAL","/object/RSPCLOGCHAIN/ exists, /neo/object/RSPCLOGCHAIN/ does not. NEO generateStaticParams = tableNames() = the PM/PP-PI dictionary only, so every name sourced from hr-bw-adapter outside sapData gets no NEO object page. DATA IS PRESENT (hr-bw-adapter), NOT RENDERED as a NEO detail page. Checked: no file under app/neo/ or components/neo-shell/ imports data/verified-objects or lib/hr-bw-adapter, and components/neo-shell/search/command-index.ts does not index them either — so there is no migrated NEO copy. It DOES still appear as a node in the /neo/erd catalogue (sourced from public/sap-infrastructure/dataset.json), with no detail page behind it."
"RSRREPDIR","/object/RSRREPDIR/","—","hr-bw-adapter","/neo/erd (node in the ERD catalogue)","yes","no","PARTIAL","/object/RSRREPDIR/ exists, /neo/object/RSRREPDIR/ does not. NEO generateStaticParams = tableNames() = the PM/PP-PI dictionary only, so every name sourced from hr-bw-adapter outside sapData gets no NEO object page. DATA IS PRESENT (hr-bw-adapter), NOT RENDERED as a NEO detail page. Checked: no file under app/neo/ or components/neo-shell/ imports data/verified-objects or lib/hr-bw-adapter, and components/neo-shell/search/command-index.ts does not index them either — so there is no migrated NEO copy. It DOES still appear as a node in the /neo/erd catalogue (sourced from public/sap-infrastructure/dataset.json), with no detail page behind it."
"RSTRAN","/object/RSTRAN/","—","hr-bw-adapter","/neo/erd (node in the ERD catalogue)","yes","no","PARTIAL","/object/RSTRAN/ exists, /neo/object/RSTRAN/ does not. NEO generateStaticParams = tableNames() = the PM/PP-PI dictionary only, so every name sourced from hr-bw-adapter outside sapData gets no NEO object page. DATA IS PRESENT (hr-bw-adapter), NOT RENDERED as a NEO detail page. Checked: no file under app/neo/ or components/neo-shell/ imports data/verified-objects or lib/hr-bw-adapter, and components/neo-shell/search/command-index.ts does not index them either — so there is no migrated NEO copy. It DOES still appear as a node in the /neo/erd catalogue (sourced from public/sap-infrastructure/dataset.json), with no detail page behind it."
"RSZCOMPDIR","/object/RSZCOMPDIR/","—","hr-bw-adapter","/neo/erd (node in the ERD catalogue)","yes","no","PARTIAL","/object/RSZCOMPDIR/ exists, /neo/object/RSZCOMPDIR/ does not. NEO generateStaticParams = tableNames() = the PM/PP-PI dictionary only, so every name sourced from hr-bw-adapter outside sapData gets no NEO object page. DATA IS PRESENT (hr-bw-adapter), NOT RENDERED as a NEO detail page. Checked: no file under app/neo/ or components/neo-shell/ imports data/verified-objects or lib/hr-bw-adapter, and components/neo-shell/search/command-index.ts does not index them either — so there is no migrated NEO copy. It DOES still appear as a node in the /neo/erd catalogue (sourced from public/sap-infrastructure/dataset.json), with no detail page behind it."
"RSZELTDIR","/object/RSZELTDIR/","—","hr-bw-adapter","/neo/erd (node in the ERD catalogue)","yes","no","PARTIAL","/object/RSZELTDIR/ exists, /neo/object/RSZELTDIR/ does not. NEO generateStaticParams = tableNames() = the PM/PP-PI dictionary only, so every name sourced from hr-bw-adapter outside sapData gets no NEO object page. DATA IS PRESENT (hr-bw-adapter), NOT RENDERED as a NEO detail page. Checked: no file under app/neo/ or components/neo-shell/ imports data/verified-objects or lib/hr-bw-adapter, and components/neo-shell/search/command-index.ts does not index them either — so there is no migrated NEO copy. It DOES still appear as a node in the /neo/erd catalogue (sourced from public/sap-infrastructure/dataset.json), with no detail page behind it."
"RSZELTXREF","/object/RSZELTXREF/","—","hr-bw-adapter","/neo/erd (node in the ERD catalogue)","yes","no","PARTIAL","/object/RSZELTXREF/ exists, /neo/object/RSZELTXREF/ does not. NEO generateStaticParams = tableNames() = the PM/PP-PI dictionary only, so every name sourced from hr-bw-adapter outside sapData gets no NEO object page. DATA IS PRESENT (hr-bw-adapter), NOT RENDERED as a NEO detail page. Checked: no file under app/neo/ or components/neo-shell/ imports data/verified-objects or lib/hr-bw-adapter, and components/neo-shell/search/command-index.ts does not index them either — so there is no migrated NEO copy. It DOES still appear as a node in the /neo/erd catalogue (sourced from public/sap-infrastructure/dataset.json), with no detail page behind it."
"SAC_Story","/object/SAC_Story/","—","hr-bw-adapter","/neo/erd (node in the ERD catalogue)","yes","no","PARTIAL","/object/SAC_Story/ exists, /neo/object/SAC_Story/ does not. NEO generateStaticParams = tableNames() = the PM/PP-PI dictionary only, so every name sourced from hr-bw-adapter outside sapData gets no NEO object page. DATA IS PRESENT (hr-bw-adapter), NOT RENDERED as a NEO detail page. Checked: no file under app/neo/ or components/neo-shell/ imports data/verified-objects or lib/hr-bw-adapter, and components/neo-shell/search/command-index.ts does not index them either — so there is no migrated NEO copy. It DOES still appear as a node in the /neo/erd catalogue (sourced from public/sap-infrastructure/dataset.json), with no detail page behind it."
"SCM_SuccessionPlan","/object/SCM_SuccessionPlan/","—","hr-bw-adapter","/neo/erd (node in the ERD catalogue)","yes","no","PARTIAL","/object/SCM_SuccessionPlan/ exists, /neo/object/SCM_SuccessionPlan/ does not. NEO generateStaticParams = tableNames() = the PM/PP-PI dictionary only, so every name sourced from hr-bw-adapter outside sapData gets no NEO object page. DATA IS PRESENT (hr-bw-adapter), NOT RENDERED as a NEO detail page. Checked: no file under app/neo/ or components/neo-shell/ imports data/verified-objects or lib/hr-bw-adapter, and components/neo-shell/search/command-index.ts does not index them either — so there is no migrated NEO copy. It DOES still appear as a node in the /neo/erd catalogue (sourced from public/sap-infrastructure/dataset.json), with no detail page behind it."
"SID_Table","/object/SID_Table/","—","hr-bw-adapter","/neo/erd (node in the ERD catalogue)","yes","no","PARTIAL","/object/SID_Table/ exists, /neo/object/SID_Table/ does not. NEO generateStaticParams = tableNames() = the PM/PP-PI dictionary only, so every name sourced from hr-bw-adapter outside sapData gets no NEO object page. DATA IS PRESENT (hr-bw-adapter), NOT RENDERED as a NEO detail page. Checked: no file under app/neo/ or components/neo-shell/ imports data/verified-objects or lib/hr-bw-adapter, and components/neo-shell/search/command-index.ts does not index them either — so there is no migrated NEO copy. It DOES still appear as a node in the /neo/erd catalogue (sourced from public/sap-infrastructure/dataset.json), with no detail page behind it."
"STAS","/object/STAS/","/neo/object/STAS/","sapData","/neo/erd (node in the ERD catalogue)","yes","yes","EXACT","both routes generate it; NEO view has 5 fields / 1 neighbours / 1 dictionary rows"
"STKO","/object/STKO/","/neo/object/STKO/","sapData","/neo/erd (node in the ERD catalogue)","yes","yes","EXACT","both routes generate it; NEO view has 6 fields / 7 neighbours / 2 dictionary rows"
"STPO","/object/STPO/","/neo/object/STPO/","sapData","/neo/erd (node in the ERD catalogue)","yes","yes","EXACT","both routes generate it; NEO view has 9 fields / 2 neighbours / 2 dictionary rows"
"STPU","/object/STPU/","/neo/object/STPU/","sapData","/neo/erd (node in the ERD catalogue)","yes","yes","EXACT","both routes generate it; NEO view has 3 fields / 1 neighbours / 1 dictionary rows"
"STZU","/object/STZU/","/neo/object/STZU/","sapData","/neo/erd (node in the ERD catalogue)","yes","yes","EXACT","both routes generate it; NEO view has 4 fields / 1 neighbours / 1 dictionary rows"
"T003O","/object/T003O/","/neo/object/T003O/","sapData","/neo/erd (node in the ERD catalogue)","yes","yes","EXACT","both routes generate it; NEO view has 5 fields / 4 neighbours / 2 dictionary rows"
"T006","/object/T006/","/neo/object/T006/","sapData","/neo/erd (node in the ERD catalogue)","yes","yes","EXACT","both routes generate it; NEO view has 5 fields / 0 neighbours / 1 dictionary rows"
"T023","/object/T023/","/neo/object/T023/","sapData","/neo/erd (node in the ERD catalogue)","yes","yes","EXACT","both routes generate it; NEO view has 2 fields / 1 neighbours / 1 dictionary rows"
"T023T","/object/T023T/","/neo/object/T023T/","sapData","/neo/erd (node in the ERD catalogue)","yes","yes","EXACT","both routes generate it; NEO view has 3 fields / 1 neighbours / 1 dictionary rows"
"T134","/object/T134/","/neo/object/T134/","sapData","/neo/erd (node in the ERD catalogue)","yes","yes","EXACT","both routes generate it; NEO view has 3 fields / 1 neighbours / 1 dictionary rows"
"T134T","/object/T134T/","/neo/object/T134T/","sapData","/neo/erd (node in the ERD catalogue)","yes","yes","EXACT","both routes generate it; NEO view has 3 fields / 1 neighbours / 1 dictionary rows"
"T352","/object/T352/","/neo/object/T352/","sapData","/neo/erd (node in the ERD catalogue)","yes","yes","EXACT","both routes generate it; NEO view has 3 fields / 1 neighbours / 1 dictionary rows"
"T352B","/object/T352B/","/neo/object/T352B/","sapData","/neo/erd (node in the ERD catalogue)","yes","yes","EXACT","both routes generate it; NEO view has 4 fields / 1 neighbours / 1 dictionary rows"
"T370T","/object/T370T/","/neo/object/T370T/","sapData","/neo/erd (node in the ERD catalogue)","yes","yes","EXACT","both routes generate it; NEO view has 3 fields / 0 neighbours / 1 dictionary rows"
"T399X","/object/T399X/","/neo/object/T399X/","sapData","/neo/erd (node in the ERD catalogue)","yes","yes","EXACT","both routes generate it; NEO view has 4 fields / 0 neighbours / 1 dictionary rows"
"T438M","/object/T438M/","/neo/object/T438M/","sapData","/neo/erd (node in the ERD catalogue)","yes","yes","EXACT","both routes generate it; NEO view has 2 fields / 0 neighbours / 1 dictionary rows"
"T500P","/object/T500P/","—","hr-bw-adapter","/neo/erd (node in the ERD catalogue)","yes","no","PARTIAL","/object/T500P/ exists, /neo/object/T500P/ does not. NEO generateStaticParams = tableNames() = the PM/PP-PI dictionary only, so every name sourced from hr-bw-adapter outside sapData gets no NEO object page. DATA IS PRESENT (hr-bw-adapter), NOT RENDERED as a NEO detail page. Checked: no file under app/neo/ or components/neo-shell/ imports data/verified-objects or lib/hr-bw-adapter, and components/neo-shell/search/command-index.ts does not index them either — so there is no migrated NEO copy. It DOES still appear as a node in the /neo/erd catalogue (sourced from public/sap-infrastructure/dataset.json), with no detail page behind it."
"T501","/object/T501/","—","hr-bw-adapter","/neo/erd (node in the ERD catalogue)","yes","no","PARTIAL","/object/T501/ exists, /neo/object/T501/ does not. NEO generateStaticParams = tableNames() = the PM/PP-PI dictionary only, so every name sourced from hr-bw-adapter outside sapData gets no NEO object page. DATA IS PRESENT (hr-bw-adapter), NOT RENDERED as a NEO detail page. Checked: no file under app/neo/ or components/neo-shell/ imports data/verified-objects or lib/hr-bw-adapter, and components/neo-shell/search/command-index.ts does not index them either — so there is no migrated NEO copy. It DOES still appear as a node in the /neo/erd catalogue (sourced from public/sap-infrastructure/dataset.json), with no detail page behind it."
"T503","/object/T503/","—","hr-bw-adapter","/neo/erd (node in the ERD catalogue)","yes","no","PARTIAL","/object/T503/ exists, /neo/object/T503/ does not. NEO generateStaticParams = tableNames() = the PM/PP-PI dictionary only, so every name sourced from hr-bw-adapter outside sapData gets no NEO object page. DATA IS PRESENT (hr-bw-adapter), NOT RENDERED as a NEO detail page. Checked: no file under app/neo/ or components/neo-shell/ imports data/verified-objects or lib/hr-bw-adapter, and components/neo-shell/search/command-index.ts does not index them either — so there is no migrated NEO copy. It DOES still appear as a node in the /neo/erd catalogue (sourced from public/sap-infrastructure/dataset.json), with no detail page behind it."
"T512W","/object/T512W/","—","hr-bw-adapter","/neo/erd (node in the ERD catalogue)","yes","no","PARTIAL","/object/T512W/ exists, /neo/object/T512W/ does not. NEO generateStaticParams = tableNames() = the PM/PP-PI dictionary only, so every name sourced from hr-bw-adapter outside sapData gets no NEO object page. DATA IS PRESENT (hr-bw-adapter), NOT RENDERED as a NEO detail page. Checked: no file under app/neo/ or components/neo-shell/ imports data/verified-objects or lib/hr-bw-adapter, and components/neo-shell/search/command-index.ts does not index them either — so there is no migrated NEO copy. It DOES still appear as a node in the /neo/erd catalogue (sourced from public/sap-infrastructure/dataset.json), with no detail page behind it."
"T513","/object/T513/","—","hr-bw-adapter","/neo/erd (node in the ERD catalogue)","yes","no","PARTIAL","/object/T513/ exists, /neo/object/T513/ does not. NEO generateStaticParams = tableNames() = the PM/PP-PI dictionary only, so every name sourced from hr-bw-adapter outside sapData gets no NEO object page. DATA IS PRESENT (hr-bw-adapter), NOT RENDERED as a NEO detail page. Checked: no file under app/neo/ or components/neo-shell/ imports data/verified-objects or lib/hr-bw-adapter, and components/neo-shell/search/command-index.ts does not index them either — so there is no migrated NEO copy. It DOES still appear as a node in the /neo/erd catalogue (sourced from public/sap-infrastructure/dataset.json), with no detail page behind it."
"T528B","/object/T528B/","—","hr-bw-adapter","/neo/erd (node in the ERD catalogue)","yes","no","PARTIAL","/object/T528B/ exists, /neo/object/T528B/ does not. NEO generateStaticParams = tableNames() = the PM/PP-PI dictionary only, so every name sourced from hr-bw-adapter outside sapData gets no NEO object page. DATA IS PRESENT (hr-bw-adapter), NOT RENDERED as a NEO detail page. Checked: no file under app/neo/ or components/neo-shell/ imports data/verified-objects or lib/hr-bw-adapter, and components/neo-shell/search/command-index.ts does not index them either — so there is no migrated NEO copy. It DOES still appear as a node in the /neo/erd catalogue (sourced from public/sap-infrastructure/dataset.json), with no detail page behind it."
"T549A","/object/T549A/","—","hr-bw-adapter","/neo/erd (node in the ERD catalogue)","yes","no","PARTIAL","/object/T549A/ exists, /neo/object/T549A/ does not. NEO generateStaticParams = tableNames() = the PM/PP-PI dictionary only, so every name sourced from hr-bw-adapter outside sapData gets no NEO object page. DATA IS PRESENT (hr-bw-adapter), NOT RENDERED as a NEO detail page. Checked: no file under app/neo/ or components/neo-shell/ imports data/verified-objects or lib/hr-bw-adapter, and components/neo-shell/search/command-index.ts does not index them either — so there is no migrated NEO copy. It DOES still appear as a node in the /neo/erd catalogue (sourced from public/sap-infrastructure/dataset.json), with no detail page behind it."
"TC22","/object/TC22/","/neo/object/TC22/","sapData","/neo/erd (node in the ERD catalogue)","yes","yes","EXACT","both routes generate it; NEO view has 4 fields / 0 neighbours / 1 dictionary rows"
"TC60","/object/TC60/","/neo/object/TC60/","sapData","/neo/erd (node in the ERD catalogue)","yes","yes","EXACT","both routes generate it; NEO view has 3 fields / 0 neighbours / 1 dictionary rows"
"TCA01","/object/TCA01/","/neo/object/TCA01/","sapData","/neo/erd (node in the ERD catalogue)","yes","yes","EXACT","both routes generate it; NEO view has 3 fields / 0 neighbours / 1 dictionary rows"
"TCK03","/object/TCK03/","/neo/object/TCK03/","sapData","/neo/erd (node in the ERD catalogue)","yes","yes","EXACT","both routes generate it; NEO view has 3 fields / 0 neighbours / 1 dictionary rows"
"TCO01","/object/TCO01/","/neo/object/TCO01/","sapData","/neo/erd (node in the ERD catalogue)","yes","yes","EXACT","both routes generate it; NEO view has 4 fields / 1 neighbours / 1 dictionary rows"
"TEVEN","/object/TEVEN/","—","hr-bw-adapter","/neo/erd (node in the ERD catalogue)","yes","no","PARTIAL","/object/TEVEN/ exists, /neo/object/TEVEN/ does not. NEO generateStaticParams = tableNames() = the PM/PP-PI dictionary only, so every name sourced from hr-bw-adapter outside sapData gets no NEO object page. DATA IS PRESENT (hr-bw-adapter), NOT RENDERED as a NEO detail page. Checked: no file under app/neo/ or components/neo-shell/ imports data/verified-objects or lib/hr-bw-adapter, and components/neo-shell/search/command-index.ts does not index them either — so there is no migrated NEO copy. It DOES still appear as a node in the /neo/erd catalogue (sourced from public/sap-infrastructure/dataset.json), with no detail page behind it."
"TJ02T","/object/TJ02T/","/neo/object/TJ02T/","sapData","/neo/erd (node in the ERD catalogue)","yes","yes","EXACT","both routes generate it; NEO view has 4 fields / 0 neighbours / 2 dictionary rows"
"TJ30","/object/TJ30/","/neo/object/TJ30/","sapData","/neo/erd (node in the ERD catalogue)","yes","yes","EXACT","both routes generate it; NEO view has 6 fields / 3 neighbours / 2 dictionary rows"
"TJ30T","/object/TJ30T/","/neo/object/TJ30T/","sapData","/neo/erd (node in the ERD catalogue)","yes","yes","EXACT","both routes generate it; NEO view has 5 fields / 1 neighbours / 2 dictionary rows"
"TPST","/object/TPST/","/neo/object/TPST/","sapData","/neo/erd (node in the ERD catalogue)","yes","yes","EXACT","both routes generate it; NEO view has 4 fields / 2 neighbours / 1 dictionary rows"
"TQ80","/object/TQ80/","/neo/object/TQ80/","sapData","/neo/erd (node in the ERD catalogue)","yes","yes","EXACT","both routes generate it; NEO view has 4 fields / 3 neighbours / 1 dictionary rows"
"VBAK","/object/VBAK/","—","verified-objects","/neo/erd (node in the ERD catalogue)","yes","no","PARTIAL","/object/VBAK/ exists, /neo/object/VBAK/ does not. NEO generateStaticParams = tableNames() = the PM/PP-PI dictionary only, so every name sourced from verified-objects outside sapData gets no NEO object page. DATA IS PRESENT (verified-objects), NOT RENDERED as a NEO detail page. Checked: no file under app/neo/ or components/neo-shell/ imports data/verified-objects or lib/hr-bw-adapter, and components/neo-shell/search/command-index.ts does not index them either — so there is no migrated NEO copy. It DOES still appear as a node in the /neo/erd catalogue (sourced from public/sap-infrastructure/dataset.json), with no detail page behind it."
"VBAP","/object/VBAP/","—","verified-objects","/neo/erd (node in the ERD catalogue)","yes","no","PARTIAL","/object/VBAP/ exists, /neo/object/VBAP/ does not. NEO generateStaticParams = tableNames() = the PM/PP-PI dictionary only, so every name sourced from verified-objects outside sapData gets no NEO object page. DATA IS PRESENT (verified-objects), NOT RENDERED as a NEO detail page. Checked: no file under app/neo/ or components/neo-shell/ imports data/verified-objects or lib/hr-bw-adapter, and components/neo-shell/search/command-index.ts does not index them either — so there is no migrated NEO copy. It DOES still appear as a node in the /neo/erd catalogue (sourced from public/sap-infrastructure/dataset.json), with no detail page behind it."
"VBRK","/object/VBRK/","—","verified-objects","/neo/erd (node in the ERD catalogue)","yes","no","PARTIAL","/object/VBRK/ exists, /neo/object/VBRK/ does not. NEO generateStaticParams = tableNames() = the PM/PP-PI dictionary only, so every name sourced from verified-objects outside sapData gets no NEO object page. DATA IS PRESENT (verified-objects), NOT RENDERED as a NEO detail page. Checked: no file under app/neo/ or components/neo-shell/ imports data/verified-objects or lib/hr-bw-adapter, and components/neo-shell/search/command-index.ts does not index them either — so there is no migrated NEO copy. It DOES still appear as a node in the /neo/erd catalogue (sourced from public/sap-infrastructure/dataset.json), with no detail page behind it."
"VBRP","/object/VBRP/","—","verified-objects","/neo/erd (node in the ERD catalogue)","yes","no","PARTIAL","/object/VBRP/ exists, /neo/object/VBRP/ does not. NEO generateStaticParams = tableNames() = the PM/PP-PI dictionary only, so every name sourced from verified-objects outside sapData gets no NEO object page. DATA IS PRESENT (verified-objects), NOT RENDERED as a NEO detail page. Checked: no file under app/neo/ or components/neo-shell/ imports data/verified-objects or lib/hr-bw-adapter, and components/neo-shell/search/command-index.ts does not index them either — so there is no migrated NEO copy. It DOES still appear as a node in the /neo/erd catalogue (sourced from public/sap-infrastructure/dataset.json), with no detail page behind it."
"VEKP","/object/VEKP/","—","verified-objects","none","yes","no","MISSING","/object/VEKP/ exists, /neo/object/VEKP/ does not. NEO generateStaticParams = tableNames() = the PM/PP-PI dictionary only, so every name sourced from verified-objects outside sapData gets no NEO object page. DATA IS PRESENT (verified-objects), NOT RENDERED as a NEO detail page. Checked: no file under app/neo/ or components/neo-shell/ imports data/verified-objects or lib/hr-bw-adapter, and components/neo-shell/search/command-index.ts does not index them either — so there is no migrated NEO copy. It appears on no NEO surface at all."
"VEPO","/object/VEPO/","—","verified-objects","none","yes","no","MISSING","/object/VEPO/ exists, /neo/object/VEPO/ does not. NEO generateStaticParams = tableNames() = the PM/PP-PI dictionary only, so every name sourced from verified-objects outside sapData gets no NEO object page. DATA IS PRESENT (verified-objects), NOT RENDERED as a NEO detail page. Checked: no file under app/neo/ or components/neo-shell/ imports data/verified-objects or lib/hr-bw-adapter, and components/neo-shell/search/command-index.ts does not index them either — so there is no migrated NEO copy. It appears on no NEO surface at all."
"WFA_Metric","/object/WFA_Metric/","—","hr-bw-adapter","/neo/erd (node in the ERD catalogue)","yes","no","PARTIAL","/object/WFA_Metric/ exists, /neo/object/WFA_Metric/ does not. NEO generateStaticParams = tableNames() = the PM/PP-PI dictionary only, so every name sourced from hr-bw-adapter outside sapData gets no NEO object page. DATA IS PRESENT (hr-bw-adapter), NOT RENDERED as a NEO detail page. Checked: no file under app/neo/ or components/neo-shell/ imports data/verified-objects or lib/hr-bw-adapter, and components/neo-shell/search/command-index.ts does not index them either — so there is no migrated NEO copy. It DOES still appear as a node in the /neo/erd catalogue (sourced from public/sap-infrastructure/dataset.json), with no detail page behind it."
