"ID","MODULE","ER_ROW","CHILD_FK","PARENT_PK","SHEET_LABEL_COL1","OLD_VALUE","NEO_VALUE","STATUS","NOTES"
"PM:ER#1","PM","1","IFLOS","IFLOT","IFLOS","IFLOS(FK)->IFLOT(PK) card=1:1 join=IFLOS.TPLNR = IFLOT.TPLNR","edge IFLOT>IFLOS kind=1-1 mods=PM says=1 contested=false","EXACT","rendered: /neo/tables/IFLOT/ + /neo/tables/IFLOS/ + /neo/object/* = yes; /neo/erd/ = yes; /neo/studio = yes"
"PM:ER#2","PM","2","IFLOT","IFLOT","IFLOT","IFLOT(FK)->IFLOT(PK) card=N:1 join=IFLOT.TPLMA = IFLOT.TPLNR","—","MISSING","GENUINE SELF-JOIN (functional-location hierarchy, IFLOT.TPLMA -> IFLOT.TPLNR). It IS present in data/sapData.ts. OLD /object/IFLOT/ renders it — kgraph('IFLOT').upstream contains IFLOT (verified). NEW: model.ts edges() skips `r.table === table.tableName` and danglingFor() skips it too, so NO NEO surface renders it (not an edge, not a dangling record). This is an OLD -> NEW rendering regression."
"PM:ER#3","PM","3","IFLOT","JSTO","IFLOT","IFLOT(FK)->JSTO(PK) card=1:1 join=IFLOT.OBJNR = JSTO.OBJNR","edge JSTO>IFLOT kind=1-1 mods=PM says=1 contested=false","EXACT","rendered: /neo/tables/JSTO/ + /neo/tables/IFLOT/ + /neo/object/* = yes; /neo/erd/ = yes; /neo/studio = yes"
"PM:ER#4","PM","4","ILOA","IFLOT","ILOA","ILOA(FK)->IFLOT(PK) card=N:1 join=ILOA.TPLNR = IFLOT.TPLNR","edge IFLOT>ILOA kind=n-1 mods=PM says=1 contested=false","EXACT","rendered: /neo/tables/IFLOT/ + /neo/tables/ILOA/ + /neo/object/* = yes; /neo/erd/ = yes; /neo/studio = yes"
"PM:ER#5","PM","5","ILOA","CRHD","ILOA","ILOA(FK)->CRHD(PK) card=N:1 join=ILOA.GEWRK = CRHD.OBJID","edge CRHD>ILOA kind=n-1 mods=PM says=1 contested=false","EXACT","rendered: /neo/tables/CRHD/ + /neo/tables/ILOA/ + /neo/object/* = yes; /neo/erd/ = yes; /neo/studio = yes"
"PM:ER#6","PM","6","CRTX","CRHD","CRTX","CRTX(FK)->CRHD(PK) card=N:1 join=CRTX.OBJID = CRHD.OBJID","edge CRHD>CRTX kind=n-1 mods=PM+PP-PI says=2 contested=false","TRANSFORMED","DUPLICATE: the ER map states 2 rows for the same CRHD>CRTX pair; NEO collapses them into ONE edge with 2 says; rendered: /neo/tables/CRHD/ + /neo/tables/CRTX/ + /neo/object/* = yes; /neo/erd/ = yes; /neo/studio = yes"
"PM:ER#7","PM","7","EQKT","EQUI","EQKT","EQKT(FK)->EQUI(PK) card=N:1 join=EQKT.EQUNR = EQUI.EQUNR","edge EQUI>EQKT kind=n-1 mods=PM says=1 contested=false","EXACT","rendered: /neo/tables/EQUI/ + /neo/tables/EQKT/ + /neo/object/* = yes; /neo/erd/ = yes; /neo/studio = yes"
"PM:ER#8","PM","8","EQUZ","EQUI","EQUZ","EQUZ(FK)->EQUI(PK) card=N:1 join=EQUZ.EQUNR = EQUI.EQUNR","edge EQUI>EQUZ kind=n-1 mods=PM says=2 contested=false","TRANSFORMED","DUPLICATE: the ER map states 2 rows for the same EQUI>EQUZ pair; NEO collapses them into ONE edge with 2 says; rendered: /neo/tables/EQUI/ + /neo/tables/EQUZ/ + /neo/object/* = yes; /neo/erd/ = yes; /neo/studio = yes"
"PM:ER#9","PM","9","EQUZ","EQUI","EQUZ","EQUZ(FK)->EQUI(PK) card=N:1 join=EQUZ.HEQUI = EQUI.EQUNR","edge EQUI>EQUZ kind=n-1 mods=PM says=2 contested=false","TRANSFORMED","DUPLICATE: the ER map states 2 rows for the same EQUI>EQUZ pair; NEO collapses them into ONE edge with 2 says; rendered: /neo/tables/EQUI/ + /neo/tables/EQUZ/ + /neo/object/* = yes; /neo/erd/ = yes; /neo/studio = yes"
"PM:ER#10","PM","10","EQUZ","ILOA","EQUZ","EQUZ(FK)->ILOA(PK) card=N:1 join=EQUZ.ILOAN = ILOA.ILOAN","edge ILOA>EQUZ kind=n-1 mods=PM says=1 contested=false","EXACT","rendered: /neo/tables/ILOA/ + /neo/tables/EQUZ/ + /neo/object/* = yes; /neo/erd/ = yes; /neo/studio = yes"
"PM:ER#11","PM","11","EQUI","JSTO","EQUI","EQUI(FK)->JSTO(PK) card=1:1 join=EQUI.OBJNR = JSTO.OBJNR","edge JSTO>EQUI kind=1-1 mods=PM says=1 contested=false","EXACT","rendered: /neo/tables/JSTO/ + /neo/tables/EQUI/ + /neo/object/* = yes; /neo/erd/ = yes; /neo/studio = yes"
"PM:ER#12","PM","12","OBJK","EQUI","OBJK","OBJK(FK)->EQUI(PK) card=N:1 join=OBJK.EQUNR = EQUI.EQUNR","edge EQUI>OBJK kind=n-1 mods=PM says=1 contested=false","EXACT","rendered: /neo/tables/EQUI/ + /neo/tables/OBJK/ + /neo/object/* = yes; /neo/erd/ = yes; /neo/studio = yes"
"PM:ER#13","PM","13","STPO","STKO","STPO","STPO(FK)->STKO(PK) card=N:1 join=STPO.STLNR = STKO.STLNR","edge STKO>STPO kind=n-1 mods=PM+PP-PI says=2 contested=false","TRANSFORMED","DUPLICATE: the ER map states 2 rows for the same STKO>STPO pair; NEO collapses them into ONE edge with 2 says; rendered: /neo/tables/STKO/ + /neo/tables/STPO/ + /neo/object/* = yes; /neo/erd/ = yes; /neo/studio = yes"
"PM:ER#14","PM","14","MAST","STKO","MAST","MAST(FK)->STKO(PK) card=N:1 join=MAST.STLNR = STKO.STLNR","edge STKO>MAST kind=n-1 mods=PM says=1 contested=true","TRANSFORMED","CONTESTED: the opposite edge MAST>STKO is also recorded; NEO keeps both and flags it; rendered: /neo/tables/STKO/ + /neo/tables/MAST/ + /neo/object/* = yes; /neo/erd/ = yes; /neo/studio = yes"
"PM:ER#15","PM","15","EQST","STKO","EQST","EQST(FK)->STKO(PK) card=N:1 join=EQST.STLNR = STKO.STLNR","edge STKO>EQST kind=n-1 mods=PM says=1 contested=false","EXACT","rendered: /neo/tables/STKO/ + /neo/tables/EQST/ + /neo/object/* = yes; /neo/erd/ = yes; /neo/studio = yes"
"PM:ER#16","PM","16","EQST","EQUI","EQST","EQST(FK)->EQUI(PK) card=N:1 join=EQST.EQUNR = EQUI.EQUNR","edge EQUI>EQST kind=n-1 mods=PM says=1 contested=false","EXACT","rendered: /neo/tables/EQUI/ + /neo/tables/EQST/ + /neo/object/* = yes; /neo/erd/ = yes; /neo/studio = yes"
"PM:ER#17","PM","17","TPST","STKO","TPST","TPST(FK)->STKO(PK) card=N:1 join=TPST.STLNR = STKO.STLNR","edge STKO>TPST kind=n-1 mods=PM says=1 contested=false","EXACT","rendered: /neo/tables/STKO/ + /neo/tables/TPST/ + /neo/object/* = yes; /neo/erd/ = yes; /neo/studio = yes"
"PM:ER#18","PM","18","TPST","IFLOT","TPST","TPST(FK)->IFLOT(PK) card=N:1 join=TPST.TPLNR = IFLOT.TPLNR","edge IFLOT>TPST kind=n-1 mods=PM says=1 contested=false","EXACT","rendered: /neo/tables/IFLOT/ + /neo/tables/TPST/ + /neo/object/* = yes; /neo/erd/ = yes; /neo/studio = yes"
"PM:ER#19","PM","19","IMRG","IMPTT","IMRG","IMRG(FK)->IMPTT(PK) card=N:1 join=IMRG.POINT = IMPTT.POINT","edge IMPTT>IMRG kind=n-1 mods=PM says=1 contested=false","EXACT","rendered: /neo/tables/IMPTT/ + /neo/tables/IMRG/ + /neo/object/* = yes; /neo/erd/ = yes; /neo/studio = yes"
"PM:ER#20","PM","20","QPCD","QPGR","QPCD","QPCD(FK)->QPGR(PK) card=N:1 join=QPCD.CODEGRUPPE = QPGR.CODEGRUPPE","edge QPGR>QPCD kind=n-1 mods=PM says=1 contested=false","EXACT","rendered: /neo/tables/QPGR/ + /neo/tables/QPCD/ + /neo/object/* = yes; /neo/erd/ = yes; /neo/studio = yes"
"PM:ER#21","PM","21","T352B","QPGR","T352B","T352B(FK)->QPGR(PK) card=N:1 join=T352B.CODEGRUPPE = QPGR.CODEGRUPPE","edge QPGR>T352B kind=n-1 mods=PM says=1 contested=false","EXACT","rendered: /neo/tables/QPGR/ + /neo/tables/T352B/ + /neo/object/* = yes; /neo/erd/ = yes; /neo/studio = yes"
"PM:ER#22","PM","22","QMFE","QMEL","QMFE","QMFE(FK)->QMEL(PK) card=N:1 join=QMFE.QMNUM = QMEL.QMNUM","edge QMEL>QMFE kind=n-1 mods=PM says=1 contested=false","EXACT","rendered: /neo/tables/QMEL/ + /neo/tables/QMFE/ + /neo/object/* = yes; /neo/erd/ = yes; /neo/studio = yes"
"PM:ER#23","PM","23","QMUR","QMFE","QMUR","QMUR(FK)->QMFE(PK) card=N:1 join=QMUR.QMNUM = QMFE.QMNUM","edge QMFE>QMUR kind=n-1 mods=PM says=1 contested=false","EXACT","rendered: /neo/tables/QMFE/ + /neo/tables/QMUR/ + /neo/object/* = yes; /neo/erd/ = yes; /neo/studio = yes"
"PM:ER#24","PM","24","QMMA","QMEL","QMMA","QMMA(FK)->QMEL(PK) card=N:1 join=QMMA.QMNUM = QMEL.QMNUM","edge QMEL>QMMA kind=n-1 mods=PM says=1 contested=false","EXACT","rendered: /neo/tables/QMEL/ + /neo/tables/QMMA/ + /neo/object/* = yes; /neo/erd/ = yes; /neo/studio = yes"
"PM:ER#25","PM","25","QMSM","QMEL","QMSM","QMSM(FK)->QMEL(PK) card=N:1 join=QMSM.QMNUM = QMEL.QMNUM","edge QMEL>QMSM kind=n-1 mods=PM says=1 contested=false","EXACT","rendered: /neo/tables/QMEL/ + /neo/tables/QMSM/ + /neo/object/* = yes; /neo/erd/ = yes; /neo/studio = yes"
"PM:ER#26","PM","26","QMEL","EQUI","QMEL","QMEL(FK)->EQUI(PK) card=N:1 join=QMEL.EQUNR = EQUI.EQUNR","edge EQUI>QMEL kind=n-1 mods=PM says=1 contested=false","EXACT","rendered: /neo/tables/EQUI/ + /neo/tables/QMEL/ + /neo/object/* = yes; /neo/erd/ = yes; /neo/studio = yes"
"PM:ER#27","PM","27","QMEL","IFLOT","QMEL","QMEL(FK)->IFLOT(PK) card=N:1 join=QMEL.TPLNR = IFLOT.TPLNR","edge IFLOT>QMEL kind=n-1 mods=PM says=1 contested=false","EXACT","rendered: /neo/tables/IFLOT/ + /neo/tables/QMEL/ + /neo/object/* = yes; /neo/erd/ = yes; /neo/studio = yes"
"PM:ER#28","PM","28","QMEL","JSTO","QMEL","QMEL(FK)->JSTO(PK) card=1:1 join=QMEL.OBJNR = JSTO.OBJNR","edge JSTO>QMEL kind=1-1 mods=PM says=1 contested=false","EXACT","rendered: /neo/tables/JSTO/ + /neo/tables/QMEL/ + /neo/object/* = yes; /neo/erd/ = yes; /neo/studio = yes"
"PM:ER#29","PM","29","QMEL","TQ80","QMEL","QMEL(FK)->TQ80(PK) card=N:1 join=QMEL.QMART = TQ80.QMART","edge TQ80>QMEL kind=n-1 mods=PM says=1 contested=false","EXACT","rendered: /neo/tables/TQ80/ + /neo/tables/QMEL/ + /neo/object/* = yes; /neo/erd/ = yes; /neo/studio = yes"
"PM:ER#30","PM","30","TQ80","T352","TQ80","TQ80(FK)->T352(PK) card=N:1 join=TQ80.RBNR = T352.RBNR","edge T352>TQ80 kind=n-1 mods=PM says=1 contested=false","EXACT","rendered: /neo/tables/T352/ + /neo/tables/TQ80/ + /neo/object/* = yes; /neo/erd/ = yes; /neo/studio = yes"
"PM:ER#31","PM","31","TQ80","T003O","TQ80","TQ80(FK)->T003O(PK) card=N:1 join=TQ80.AUART = T003O.AUART","edge T003O>TQ80 kind=n-1 mods=PM says=1 contested=false","EXACT","rendered: /neo/tables/T003O/ + /neo/tables/TQ80/ + /neo/object/* = yes; /neo/erd/ = yes; /neo/studio = yes"
"PM:ER#32","PM","32","AFKO","AUFK","AFKO","AFKO(FK)->AUFK(PK) card=1:1 join=AFKO.AUFNR = AUFK.AUFNR","edge AUFK>AFKO kind=1-1 mods=PP-PI+PM says=2 contested=false","TRANSFORMED","DUPLICATE: the ER map states 2 rows for the same AUFK>AFKO pair; NEO collapses them into ONE edge with 2 says; rendered: /neo/tables/AUFK/ + /neo/tables/AFKO/ + /neo/object/* = yes; /neo/erd/ = yes; /neo/studio = yes"
"PM:ER#33","PM","33","AFPO","AUFK","AFPO","AFPO(FK)->AUFK(PK) card=N:1 join=AFPO.AUFNR = AUFK.AUFNR","edge AUFK>AFPO kind=n-1 mods=PM says=1 contested=false","EXACT","rendered: /neo/tables/AUFK/ + /neo/tables/AFPO/ + /neo/object/* = yes; /neo/erd/ = yes; /neo/studio = yes"
"PM:ER#34","PM","34","AFIH","AUFK","AFIH","AFIH(FK)->AUFK(PK) card=1:1 join=AFIH.AUFNR = AUFK.AUFNR","edge AUFK>AFIH kind=1-1 mods=PM says=1 contested=false","EXACT","rendered: /neo/tables/AUFK/ + /neo/tables/AFIH/ + /neo/object/* = yes; /neo/erd/ = yes; /neo/studio = yes"
"PM:ER#35","PM","35","AFVC","AFKO","AFVC","AFVC(FK)->AFKO(PK) card=N:1 join=AFVC.AUFPL = AFKO.AUFPL","edge AFKO>AFVC kind=n-1 mods=PM+PP-PI says=2 contested=false","TRANSFORMED","DUPLICATE: the ER map states 2 rows for the same AFKO>AFVC pair; NEO collapses them into ONE edge with 2 says; rendered: /neo/tables/AFKO/ + /neo/tables/AFVC/ + /neo/object/* = yes; /neo/erd/ = yes; /neo/studio = yes"
"PM:ER#36","PM","36","AFVC","CRHD","AFVC","AFVC(FK)->CRHD(PK) card=N:1 join=AFVC.ARBID = CRHD.OBJID","edge CRHD>AFVC kind=n-1 mods=PM says=1 contested=false","EXACT","rendered: /neo/tables/CRHD/ + /neo/tables/AFVC/ + /neo/object/* = yes; /neo/erd/ = yes; /neo/studio = yes"
"PM:ER#37","PM","37","AFIH","EQUI","AFIH","AFIH(FK)->EQUI(PK) card=N:1 join=AFIH.EQUNR = EQUI.EQUNR","edge EQUI>AFIH kind=n-1 mods=PM says=1 contested=false","EXACT","rendered: /neo/tables/EQUI/ + /neo/tables/AFIH/ + /neo/object/* = yes; /neo/erd/ = yes; /neo/studio = yes"
"PM:ER#38","PM","38","AFIH","IFLOT","AFIH","AFIH(FK)->IFLOT(PK) card=N:1 join=AFIH.TPLNR = IFLOT.TPLNR","edge IFLOT>AFIH kind=n-1 mods=PM says=1 contested=false","EXACT","rendered: /neo/tables/IFLOT/ + /neo/tables/AFIH/ + /neo/object/* = yes; /neo/erd/ = yes; /neo/studio = yes"
"PM:ER#39","PM","39","AUFK","JSTO","AUFK","AUFK(FK)->JSTO(PK) card=1:1 join=AUFK.OBJNR = JSTO.OBJNR","edge JSTO>AUFK kind=1-1 mods=PM says=1 contested=true","TRANSFORMED","CONTESTED: the opposite edge AUFK>JSTO is also recorded; NEO keeps both and flags it; rendered: /neo/tables/JSTO/ + /neo/tables/AUFK/ + /neo/object/* = yes; /neo/erd/ = yes; /neo/studio = yes"
"PM:ER#40","PM","40","AUFK","T003O","AUFK","AUFK(FK)->T003O(PK) card=N:1 join=AUFK.AUART = T003O.AUART","edge T003O>AUFK kind=n-1 mods=PM says=1 contested=false","TRANSFORMED","DUPLICATE: the ER map states 2 rows for the same T003O>AUFK pair; NEO collapses them into ONE edge with 1 says; rendered: /neo/tables/T003O/ + /neo/tables/AUFK/ + /neo/object/* = yes; /neo/erd/ = yes; /neo/studio = yes"
"PM:ER#41","PM","41","JEST","JSTO","JEST","JEST(FK)->JSTO(PK) card=N:1 join=JEST.OBJNR = JSTO.OBJNR","edge JSTO>JEST kind=n-1 mods=PM says=1 contested=false","EXACT","rendered: /neo/tables/JSTO/ + /neo/tables/JEST/ + /neo/object/* = yes; /neo/erd/ = yes; /neo/studio = yes"
"PM:ER#42","PM","42","JSTO","TJ30","JSTO","JSTO(FK)->TJ30(PK) card=N:1 join=JSTO.STSMA = TJ30.STSMA","edge TJ30>JSTO kind=n-1 mods=PM says=1 contested=false","EXACT","rendered: /neo/tables/TJ30/ + /neo/tables/JSTO/ + /neo/object/* = yes; /neo/erd/ = yes; /neo/studio = yes"
"PM:ER#43","PM","43","T003O","TJ30","T003O","T003O(FK)->TJ30(PK) card=N:1 join=T003O.STSMA = TJ30.STSMA","edge TJ30>T003O kind=n-1 mods=PM says=1 contested=false","EXACT","rendered: /neo/tables/TJ30/ + /neo/tables/T003O/ + /neo/object/* = yes; /neo/erd/ = yes; /neo/studio = yes"
"PM:ER#44","PM","44","RESB","AUFK","RESB","RESB(FK)->AUFK(PK) card=N:1 join=RESB.AUFNR = AUFK.AUFNR","edge AUFK>RESB kind=n-1 mods=PM says=1 contested=false","EXACT","rendered: /neo/tables/AUFK/ + /neo/tables/RESB/ + /neo/object/* = yes; /neo/erd/ = yes; /neo/studio = yes"
"PM:ER#45","PM","45","MSEG","MKPF","MSEG","MSEG(FK)->MKPF(PK) card=N:1 join=MSEG.MBLNR = MKPF.MBLNR","edge MKPF>MSEG kind=n-1 mods=PM says=1 contested=false","EXACT","rendered: /neo/tables/MKPF/ + /neo/tables/MSEG/ + /neo/object/* = yes; /neo/erd/ = yes; /neo/studio = yes"
"PM:ER#46","PM","46","MSEG","AUFK","MSEG","MSEG(FK)->AUFK(PK) card=N:1 join=MSEG.AUFNR = AUFK.AUFNR","edge AUFK>MSEG kind=n-1 mods=PM says=1 contested=false","EXACT","rendered: /neo/tables/AUFK/ + /neo/tables/MSEG/ + /neo/object/* = yes; /neo/erd/ = yes; /neo/studio = yes"
"PM:ER#47","PM","47","EBKN","EBAN","EBKN","EBKN(FK)->EBAN(PK) card=N:1 join=EBKN.BANFN = EBAN.BANFN","edge EBAN>EBKN kind=n-1 mods=PM says=1 contested=false","EXACT","rendered: /neo/tables/EBAN/ + /neo/tables/EBKN/ + /neo/object/* = yes; /neo/erd/ = yes; /neo/studio = yes"
"PM:ER#48","PM","48","EBKN","AUFK","EBKN","EBKN(FK)->AUFK(PK) card=N:1 join=EBKN.AUFNR = AUFK.AUFNR","edge AUFK>EBKN kind=n-1 mods=PM says=1 contested=false","EXACT","rendered: /neo/tables/AUFK/ + /neo/tables/EBKN/ + /neo/object/* = yes; /neo/erd/ = yes; /neo/studio = yes"
"PM:ER#49","PM","49","EBAN","BUT000","EBAN","EBAN(FK)->BUT000(PK) card=N:1 join=EBAN.FLIEF = BUT000.PARTNER","edge BUT000>EBAN kind=n-1 mods=PM says=1 contested=false","EXACT","rendered: /neo/tables/BUT000/ + /neo/tables/EBAN/ + /neo/object/* = yes; /neo/erd/ = yes; /neo/studio = yes"
"PM:ER#50","PM","50","COSP","AUFK","COSP","COSP(FK)->AUFK(PK) card=N:1 join=COSP.OBJNR = AUFK.OBJNR","edge AUFK>COSP kind=n-1 mods=PM says=1 contested=false","EXACT","rendered: /neo/tables/AUFK/ + /neo/tables/COSP/ + /neo/object/* = yes; /neo/erd/ = yes; /neo/studio = yes"
"PM:ER#51","PM","51","COSS","AUFK","COSS","COSS(FK)->AUFK(PK) card=N:1 join=COSS.OBJNR = AUFK.OBJNR","edge AUFK>COSS kind=n-1 mods=PM says=1 contested=false","EXACT","rendered: /neo/tables/AUFK/ + /neo/tables/COSS/ + /neo/object/* = yes; /neo/erd/ = yes; /neo/studio = yes"
"PM:ER#52","PM","52","COBRA","AUFK","COBRA","COBRA(FK)->AUFK(PK) card=1:1 join=COBRA.OBJNR = AUFK.OBJNR","edge AUFK>COBRA kind=1-1 mods=PM says=1 contested=false","EXACT","rendered: /neo/tables/AUFK/ + /neo/tables/COBRA/ + /neo/object/* = yes; /neo/erd/ = yes; /neo/studio = yes"
"PM:ER#53","PM","53","COBRB","COBRA","COBRB","COBRB(FK)->COBRA(PK) card=N:1 join=COBRB.OBJNR = COBRA.OBJNR","edge COBRA>COBRB kind=n-1 mods=PM says=1 contested=false","EXACT","rendered: /neo/tables/COBRA/ + /neo/tables/COBRB/ + /neo/object/* = yes; /neo/erd/ = yes; /neo/studio = yes"
"PM:ER#54","PM","54","MPOS","MPLA","MPOS","MPOS(FK)->MPLA(PK) card=N:1 join=MPOS.WARPL = MPLA.WARPL","edge MPLA>MPOS kind=n-1 mods=PM says=1 contested=false","EXACT","rendered: /neo/tables/MPLA/ + /neo/tables/MPOS/ + /neo/object/* = yes; /neo/erd/ = yes; /neo/studio = yes"
"PM:ER#55","PM","55","MPOS","EQUI","MPOS","MPOS(FK)->EQUI(PK) card=N:1 join=MPOS.EQUNR = EQUI.EQUNR","edge EQUI>MPOS kind=n-1 mods=PM says=1 contested=false","EXACT","rendered: /neo/tables/EQUI/ + /neo/tables/MPOS/ + /neo/object/* = yes; /neo/erd/ = yes; /neo/studio = yes"
"PM:ER#56","PM","56","MPOS","PLKO","MPOS","MPOS(FK)->PLKO(PK) card=N:1 join=MPOS.PLNNR = PLKO.PLNNR","edge PLKO>MPOS kind=n-1 mods=PM says=1 contested=false","EXACT","rendered: /neo/tables/PLKO/ + /neo/tables/MPOS/ + /neo/object/* = yes; /neo/erd/ = yes; /neo/studio = yes"
"PM:ER#57","PM","57","MHIO","MPLA","MHIO","MHIO(FK)->MPLA(PK) card=N:1 join=MHIO.WARPL = MPLA.WARPL","edge MPLA>MHIO kind=n-1 mods=PM says=1 contested=false","EXACT","rendered: /neo/tables/MPLA/ + /neo/tables/MHIO/ + /neo/object/* = yes; /neo/erd/ = yes; /neo/studio = yes"
"PM:ER#58","PM","58","MHIO","AUFK","MHIO","MHIO(FK)->AUFK(PK) card=N:1 join=MHIO.AUFNR = AUFK.AUFNR","edge AUFK>MHIO kind=n-1 mods=PM says=1 contested=false","EXACT","rendered: /neo/tables/AUFK/ + /neo/tables/MHIO/ + /neo/object/* = yes; /neo/erd/ = yes; /neo/studio = yes"
"PM:ER#59","PM","59","MHIS","MPLA","MHIS","MHIS(FK)->MPLA(PK) card=N:1 join=MHIS.WARPL = MPLA.WARPL","edge MPLA>MHIS kind=n-1 mods=PM says=1 contested=false","EXACT","rendered: /neo/tables/MPLA/ + /neo/tables/MHIS/ + /neo/object/* = yes; /neo/erd/ = yes; /neo/studio = yes"
"PM:ER#60","PM","60","PLPO","PLKO","PLPO","PLPO(FK)->PLKO(PK) card=N:1 join=PLPO.PLNNR = PLKO.PLNNR","edge PLKO>PLPO kind=n-1 mods=PM says=1 contested=false","EXACT","rendered: /neo/tables/PLKO/ + /neo/tables/PLPO/ + /neo/object/* = yes; /neo/erd/ = yes; /neo/studio = yes"
"PM:ER#61","PM","61","PLPO","CRHD","PLPO","PLPO(FK)->CRHD(PK) card=N:1 join=PLPO.ARBID = CRHD.OBJID","edge CRHD>PLPO kind=n-1 mods=PM says=1 contested=false","EXACT","rendered: /neo/tables/CRHD/ + /neo/tables/PLPO/ + /neo/object/* = yes; /neo/erd/ = yes; /neo/studio = yes"
"PP-PI:ER#1","PP-PI","1","MAKT","MARA","MAKT","MAKT(FK)->MARA(PK) card= join=FROM MAKT JOIN MARA ON MAKT.MATNR = MARA.MATNR","edge MARA>MAKT kind=unstated mods=PP-PI says=1 contested=false","EXACT","NO join fields: the PP-PI 'ER - Join Map' sheet has no FK/PK/cardinality columns at all — a SOURCE gap, not a NEO loss; rendered: /neo/tables/MARA/ + /neo/tables/MAKT/ + /neo/object/* = yes; /neo/erd/ = yes; /neo/studio = yes"
"PP-PI:ER#2","PP-PI","2","MARC","MARA","MARC","MARC(FK)->MARA(PK) card= join=FROM MARC JOIN MARA ON MARC.MATNR = MARA.MATNR","edge MARA>MARC kind=unstated mods=PP-PI says=1 contested=false","EXACT","NO join fields: the PP-PI 'ER - Join Map' sheet has no FK/PK/cardinality columns at all — a SOURCE gap, not a NEO loss; rendered: /neo/tables/MARA/ + /neo/tables/MARC/ + /neo/object/* = yes; /neo/erd/ = yes; /neo/studio = yes"
"PP-PI:ER#3","PP-PI","3","MARD","MARC","MARD","MARD(FK)->MARC(PK) card= join=FROM MARD JOIN MARC ON MARD.MATNR = MARC.MATNR AND MARD.WERKS = MARC.WERKS","edge MARC>MARD kind=unstated mods=PP-PI says=1 contested=false","EXACT","NO join fields: the PP-PI 'ER - Join Map' sheet has no FK/PK/cardinality columns at all — a SOURCE gap, not a NEO loss; rendered: /neo/tables/MARC/ + /neo/tables/MARD/ + /neo/object/* = yes; /neo/erd/ = yes; /neo/studio = yes"
"PP-PI:ER#4","PP-PI","4","MARM","MARA","MARM","MARM(FK)->MARA(PK) card= join=FROM MARM JOIN MARA ON MARM.MATNR = MARA.MATNR","edge MARA>MARM kind=unstated mods=PP-PI says=1 contested=false","EXACT","NO join fields: the PP-PI 'ER - Join Map' sheet has no FK/PK/cardinality columns at all — a SOURCE gap, not a NEO loss; rendered: /neo/tables/MARA/ + /neo/tables/MARM/ + /neo/object/* = yes; /neo/erd/ = yes; /neo/studio = yes"
"PP-PI:ER#5","PP-PI","5","MEAN","MARA","MEAN","MEAN(FK)->MARA(PK) card= join=FROM MEAN JOIN MARA ON MEAN.MATNR = MARA.MATNR","edge MARA>MEAN kind=unstated mods=PP-PI says=1 contested=false","EXACT","NO join fields: the PP-PI 'ER - Join Map' sheet has no FK/PK/cardinality columns at all — a SOURCE gap, not a NEO loss; rendered: /neo/tables/MARA/ + /neo/tables/MEAN/ + /neo/object/* = yes; /neo/erd/ = yes; /neo/studio = yes"
"PP-PI:ER#6","PP-PI","6","MBEW","MARA","MBEW","MBEW(FK)->MARA(PK) card= join=FROM MBEW JOIN MARA ON MBEW.MATNR = MARA.MATNR","edge MARA>MBEW kind=unstated mods=PP-PI says=1 contested=false","EXACT","NO join fields: the PP-PI 'ER - Join Map' sheet has no FK/PK/cardinality columns at all — a SOURCE gap, not a NEO loss; rendered: /neo/tables/MARA/ + /neo/tables/MBEW/ + /neo/object/* = yes; /neo/erd/ = yes; /neo/studio = yes"
"PP-PI:ER#7","PP-PI","7","MVKE","MARA","MVKE","MVKE(FK)->MARA(PK) card= join=FROM MVKE JOIN MARA ON MVKE.MATNR = MARA.MATNR","edge MARA>MVKE kind=unstated mods=PP-PI says=1 contested=false","EXACT","NO join fields: the PP-PI 'ER - Join Map' sheet has no FK/PK/cardinality columns at all — a SOURCE gap, not a NEO loss; rendered: /neo/tables/MARA/ + /neo/tables/MVKE/ + /neo/object/* = yes; /neo/erd/ = yes; /neo/studio = yes"
"PP-PI:ER#8","PP-PI","8","MLAN","MARA","MLAN","MLAN(FK)->MARA(PK) card= join=FROM MLAN JOIN MARA ON MLAN.MATNR = MARA.MATNR","edge MARA>MLAN kind=unstated mods=PP-PI says=1 contested=false","EXACT","NO join fields: the PP-PI 'ER - Join Map' sheet has no FK/PK/cardinality columns at all — a SOURCE gap, not a NEO loss; rendered: /neo/tables/MARA/ + /neo/tables/MLAN/ + /neo/object/* = yes; /neo/erd/ = yes; /neo/studio = yes"
"PP-PI:ER#9","PP-PI","9","MLGN","MARA","MLGN","MLGN(FK)->MARA(PK) card= join=FROM MLGN JOIN MARA ON MLGN.MATNR = MARA.MATNR","edge MARA>MLGN kind=unstated mods=PP-PI says=1 contested=false","EXACT","NO join fields: the PP-PI 'ER - Join Map' sheet has no FK/PK/cardinality columns at all — a SOURCE gap, not a NEO loss; rendered: /neo/tables/MARA/ + /neo/tables/MLGN/ + /neo/object/* = yes; /neo/erd/ = yes; /neo/studio = yes"
"PP-PI:ER#10","PP-PI","10","MLGT","MLGN","MLGT","MLGT(FK)->MLGN(PK) card= join=FROM MLGT JOIN MLGN ON MLGT.MATNR = MLGN.MATNR AND MLGT.LGNUM = MLGN.LGNUM","edge MLGN>MLGT kind=unstated mods=PP-PI says=1 contested=false","EXACT","NO join fields: the PP-PI 'ER - Join Map' sheet has no FK/PK/cardinality columns at all — a SOURCE gap, not a NEO loss; rendered: /neo/tables/MLGN/ + /neo/tables/MLGT/ + /neo/object/* = yes; /neo/erd/ = yes; /neo/studio = yes"
"PP-PI:ER#11","PP-PI","11","MDMA","MARC","MDMA","MDMA(FK)->MARC(PK) card= join=FROM MDMA JOIN MARC ON MDMA.MATNR = MARC.MATNR AND MDMA.WERKS = MARC.WERKS","edge MARC>MDMA kind=unstated mods=PP-PI says=1 contested=false","EXACT","NO join fields: the PP-PI 'ER - Join Map' sheet has no FK/PK/cardinality columns at all — a SOURCE gap, not a NEO loss; rendered: /neo/tables/MARC/ + /neo/tables/MDMA/ + /neo/object/* = yes; /neo/erd/ = yes; /neo/studio = yes"
"PP-PI:ER#12","PP-PI","12","QMAT","MARC","QMAT","QMAT(FK)->MARC(PK) card= join=FROM QMAT JOIN MARC ON QMAT.MATNR = MARC.MATNR AND QMAT.WERKS = MARC.WERKS","edge MARC>QMAT kind=unstated mods=PP-PI says=1 contested=false","EXACT","NO join fields: the PP-PI 'ER - Join Map' sheet has no FK/PK/cardinality columns at all — a SOURCE gap, not a NEO loss; rendered: /neo/tables/MARC/ + /neo/tables/QMAT/ + /neo/object/* = yes; /neo/erd/ = yes; /neo/studio = yes"
"PP-PI:ER#13","PP-PI","13","MCH1","MARA","MCH1","MCH1(FK)->MARA(PK) card= join=FROM MCH1 JOIN MARA ON MCH1.MATNR = MARA.MATNR","edge MARA>MCH1 kind=unstated mods=PP-PI says=1 contested=false","EXACT","NO join fields: the PP-PI 'ER - Join Map' sheet has no FK/PK/cardinality columns at all — a SOURCE gap, not a NEO loss; rendered: /neo/tables/MARA/ + /neo/tables/MCH1/ + /neo/object/* = yes; /neo/erd/ = yes; /neo/studio = yes"
"PP-PI:ER#14","PP-PI","14","MCHA","MCH1","MCHA","MCHA(FK)->MCH1(PK) card= join=FROM MCHA JOIN MCH1 ON MCHA.MATNR = MCH1.MATNR AND MCHA.CHARG = MCH1.CHARG","edge MCH1>MCHA kind=unstated mods=PP-PI says=1 contested=false","EXACT","NO join fields: the PP-PI 'ER - Join Map' sheet has no FK/PK/cardinality columns at all — a SOURCE gap, not a NEO loss; rendered: /neo/tables/MCH1/ + /neo/tables/MCHA/ + /neo/object/* = yes; /neo/erd/ = yes; /neo/studio = yes"
"PP-PI:ER#15","PP-PI","15","MARM","T006","T006","MARM(FK)->T006(PK) card= join=FROM MARM JOIN T006 ON MARM.MEINH = T006.MSEHI","—","MISSING","GENERATOR MIS-PARSE (upstream of NEO): the sheet's column-1 says ""T006"" but the JOIN sentence reads FROM MARM JOIN T006. scripts/extract-xlsx.mjs sets child=column-1 and parent=JOIN-token, so both become ""T006"" and data/sapData.ts stores role=child,table=<self>. The real edge T006>MARM therefore exists in NEITHER build. OLD: lib/knowledge-graph.ts:33 has no self filter on upstream, so /object/T006/ renders a self-loop chip ""T006"" (verified via kgraph()). NEW: model.ts edges() skips r.table===self and danglingFor() skips it too, so /neo/tables and /neo/object render nothing at all. Root cause is the generator, not NEO; NEO is a rendering regression only in that OLD at least surfaced the corrupt self-loop.; ends documented: MARM=true T006=true; edge recovered from another ER row: NO"
"PP-PI:ER#16","PP-PI","16","MAST","MARA","MAST","MAST(FK)->MARA(PK) card= join=FROM MAST JOIN MARA ON MAST.MATNR = MARA.MATNR","edge MARA>MAST kind=unstated mods=PP-PI says=1 contested=false","EXACT","NO join fields: the PP-PI 'ER - Join Map' sheet has no FK/PK/cardinality columns at all — a SOURCE gap, not a NEO loss; rendered: /neo/tables/MARA/ + /neo/tables/MAST/ + /neo/object/* = yes; /neo/erd/ = yes; /neo/studio = yes"
"PP-PI:ER#17","PP-PI","17","STKO","MAST","STKO","STKO(FK)->MAST(PK) card= join=FROM STKO JOIN MAST ON STKO.STLNR = MAST.STLNR","edge MAST>STKO kind=unstated mods=PP-PI says=1 contested=true","TRANSFORMED","CONTESTED: the opposite edge STKO>MAST is also recorded; NEO keeps both and flags it; NO join fields: the PP-PI 'ER - Join Map' sheet has no FK/PK/cardinality columns at all — a SOURCE gap, not a NEO loss; rendered: /neo/tables/MAST/ + /neo/tables/STKO/ + /neo/object/* = yes; /neo/erd/ = yes; /neo/studio = yes"
"PP-PI:ER#18","PP-PI","18","STPO","STKO","STPO","STPO(FK)->STKO(PK) card= join=FROM STPO JOIN STKO ON STPO.STLNR = STKO.STLNR AND STPO.STLTY = STKO.STLTY","edge STKO>STPO kind=n-1 mods=PM+PP-PI says=2 contested=false","TRANSFORMED","DUPLICATE: the ER map states 2 rows for the same STKO>STPO pair; NEO collapses them into ONE edge with 2 says; NO join fields: the PP-PI 'ER - Join Map' sheet has no FK/PK/cardinality columns at all — a SOURCE gap, not a NEO loss; rendered: /neo/tables/STKO/ + /neo/tables/STPO/ + /neo/object/* = yes; /neo/erd/ = yes; /neo/studio = yes"
"PP-PI:ER#19","PP-PI","19","STAS","STKO","STAS","STAS(FK)->STKO(PK) card= join=FROM STAS JOIN STKO ON STAS.STLNR = STKO.STLNR","edge STKO>STAS kind=unstated mods=PP-PI says=1 contested=false","EXACT","NO join fields: the PP-PI 'ER - Join Map' sheet has no FK/PK/cardinality columns at all — a SOURCE gap, not a NEO loss; rendered: /neo/tables/STKO/ + /neo/tables/STAS/ + /neo/object/* = yes; /neo/erd/ = yes; /neo/studio = yes"
"PP-PI:ER#20","PP-PI","20","STZU","STKO","STZU","STZU(FK)->STKO(PK) card= join=FROM STZU JOIN STKO ON STZU.STLNR = STKO.STLNR","edge STKO>STZU kind=unstated mods=PP-PI says=1 contested=false","EXACT","NO join fields: the PP-PI 'ER - Join Map' sheet has no FK/PK/cardinality columns at all — a SOURCE gap, not a NEO loss; rendered: /neo/tables/STKO/ + /neo/tables/STZU/ + /neo/object/* = yes; /neo/erd/ = yes; /neo/studio = yes"
"PP-PI:ER#21","PP-PI","21","STPU","STPO","STPU","STPU(FK)->STPO(PK) card= join=FROM STPU JOIN STPO ON STPU.STLKN = STPO.STLKN","edge STPO>STPU kind=unstated mods=PP-PI says=1 contested=false","EXACT","NO join fields: the PP-PI 'ER - Join Map' sheet has no FK/PK/cardinality columns at all — a SOURCE gap, not a NEO loss; rendered: /neo/tables/STPO/ + /neo/tables/STPU/ + /neo/object/* = yes; /neo/erd/ = yes; /neo/studio = yes"
"PP-PI:ER#22","PP-PI","22","KDST","MAST","KDST","KDST(FK)->MAST(PK) card= join=FROM KDST JOIN MAST ON KDST.MATNR = MAST.MATNR","edge MAST>KDST kind=unstated mods=PP-PI says=1 contested=false","EXACT","NO join fields: the PP-PI 'ER - Join Map' sheet has no FK/PK/cardinality columns at all — a SOURCE gap, not a NEO loss; rendered: /neo/tables/MAST/ + /neo/tables/KDST/ + /neo/object/* = yes; /neo/erd/ = yes; /neo/studio = yes"
"PP-PI:ER#23","PP-PI","23","PLKO","MAPL","PLKO","PLKO(FK)->MAPL(PK) card= join=FROM PLKO JOIN MAPL ON PLKO.PLNTY = MAPL.PLNTY AND PLKO.PLNNR = MAPL.PLNNR","edge MAPL>PLKO kind=unstated mods=PP-PI says=1 contested=false","EXACT","NO join fields: the PP-PI 'ER - Join Map' sheet has no FK/PK/cardinality columns at all — a SOURCE gap, not a NEO loss; rendered: /neo/tables/MAPL/ + /neo/tables/PLKO/ + /neo/object/* = yes; /neo/erd/ = yes; /neo/studio = yes"
"PP-PI:ER#24","PP-PI","24","PLPO","PLAS","PLPO","PLPO(FK)->PLAS(PK) card= join=FROM PLPO JOIN PLAS ON PLPO.PLNTY = PLAS.PLNTY AND PLPO.PLNNR = PLAS.PLNNR AND PLPO.PLNKN = PLAS.PLNKN","edge PLAS>PLPO kind=unstated mods=PP-PI says=1 contested=false","EXACT","NO join fields: the PP-PI 'ER - Join Map' sheet has no FK/PK/cardinality columns at all — a SOURCE gap, not a NEO loss; rendered: /neo/tables/PLAS/ + /neo/tables/PLPO/ + /neo/object/* = yes; /neo/erd/ = yes; /neo/studio = yes"
"PP-PI:ER#25","PP-PI","25","PLAS","PLKO","PLAS","PLAS(FK)->PLKO(PK) card= join=FROM PLAS JOIN PLKO ON PLAS.PLNTY = PLKO.PLNTY AND PLAS.PLNNR = PLKO.PLNNR","edge PLKO>PLAS kind=unstated mods=PP-PI says=1 contested=false","EXACT","NO join fields: the PP-PI 'ER - Join Map' sheet has no FK/PK/cardinality columns at all — a SOURCE gap, not a NEO loss; rendered: /neo/tables/PLKO/ + /neo/tables/PLAS/ + /neo/object/* = yes; /neo/erd/ = yes; /neo/studio = yes"
"PP-PI:ER#26","PP-PI","26","PLFL","PLKO","PLFL","PLFL(FK)->PLKO(PK) card= join=FROM PLFL JOIN PLKO ON PLFL.PLNNR = PLKO.PLNNR","edge PLKO>PLFL kind=unstated mods=PP-PI says=1 contested=false","EXACT","NO join fields: the PP-PI 'ER - Join Map' sheet has no FK/PK/cardinality columns at all — a SOURCE gap, not a NEO loss; rendered: /neo/tables/PLKO/ + /neo/tables/PLFL/ + /neo/object/* = yes; /neo/erd/ = yes; /neo/studio = yes"
"PP-PI:ER#27","PP-PI","27","PLMZ","PLPO","PLMZ","PLMZ(FK)->PLPO(PK) card= join=FROM PLMZ JOIN PLPO ON PLMZ.PLNKN = PLPO.PLNKN","edge PLPO>PLMZ kind=unstated mods=PP-PI says=1 contested=false","EXACT","NO join fields: the PP-PI 'ER - Join Map' sheet has no FK/PK/cardinality columns at all — a SOURCE gap, not a NEO loss; rendered: /neo/tables/PLPO/ + /neo/tables/PLMZ/ + /neo/object/* = yes; /neo/erd/ = yes; /neo/studio = yes"
"PP-PI:ER#28","PP-PI","28","PLMK","PLPO","PLMK","PLMK(FK)->PLPO(PK) card= join=FROM PLMK JOIN PLPO ON PLMK.PLNKN = PLPO.PLNKN","edge PLPO>PLMK kind=unstated mods=PP-PI says=1 contested=false","EXACT","NO join fields: the PP-PI 'ER - Join Map' sheet has no FK/PK/cardinality columns at all — a SOURCE gap, not a NEO loss; rendered: /neo/tables/PLPO/ + /neo/tables/PLMK/ + /neo/object/* = yes; /neo/erd/ = yes; /neo/studio = yes"
"PP-PI:ER#29","PP-PI","29","MAPL","MARC","MAPL","MAPL(FK)->MARC(PK) card= join=FROM MAPL JOIN MARC ON MAPL.MATNR = MARC.MATNR AND MAPL.WERKS = MARC.WERKS","edge MARC>MAPL kind=unstated mods=PP-PI says=1 contested=false","EXACT","NO join fields: the PP-PI 'ER - Join Map' sheet has no FK/PK/cardinality columns at all — a SOURCE gap, not a NEO loss; rendered: /neo/tables/MARC/ + /neo/tables/MAPL/ + /neo/object/* = yes; /neo/erd/ = yes; /neo/studio = yes"
"PP-PI:ER#30","PP-PI","30","FHMI","PLPO","FHMI","FHMI(FK)->PLPO(PK) card= join=FROM FHMI JOIN PLPO ON FHMI.PLNKN = PLPO.PLNKN","edge PLPO>FHMI kind=unstated mods=PP-PI says=1 contested=false","EXACT","NO join fields: the PP-PI 'ER - Join Map' sheet has no FK/PK/cardinality columns at all — a SOURCE gap, not a NEO loss; rendered: /neo/tables/PLPO/ + /neo/tables/FHMI/ + /neo/object/* = yes; /neo/erd/ = yes; /neo/studio = yes"
"PP-PI:ER#31","PP-PI","31","PLZU","PLKO","PLZU","PLZU(FK)->PLKO(PK) card= join=FROM PLZU JOIN PLKO ON PLZU.PLNNR = PLKO.PLNNR","edge PLKO>PLZU kind=unstated mods=PP-PI says=1 contested=false","EXACT","NO join fields: the PP-PI 'ER - Join Map' sheet has no FK/PK/cardinality columns at all — a SOURCE gap, not a NEO loss; rendered: /neo/tables/PLKO/ + /neo/tables/PLZU/ + /neo/object/* = yes; /neo/erd/ = yes; /neo/studio = yes"
"PP-PI:ER#32","PP-PI","32","PLPO","TC60","TC60","PLPO(FK)->TC60(PK) card= join=FROM PLPO JOIN TC60 ON PLPO.STEUS = TC60.STEUS","—","MISSING","GENERATOR MIS-PARSE (upstream of NEO): the sheet's column-1 says ""TC60"" but the JOIN sentence reads FROM PLPO JOIN TC60. scripts/extract-xlsx.mjs sets child=column-1 and parent=JOIN-token, so both become ""TC60"" and data/sapData.ts stores role=child,table=<self>. The real edge TC60>PLPO therefore exists in NEITHER build. OLD: lib/knowledge-graph.ts:33 has no self filter on upstream, so /object/TC60/ renders a self-loop chip ""TC60"" (verified via kgraph()). NEW: model.ts edges() skips r.table===self and danglingFor() skips it too, so /neo/tables and /neo/object render nothing at all. Root cause is the generator, not NEO; NEO is a rendering regression only in that OLD at least surfaced the corrupt self-loop.; ends documented: PLPO=true TC60=true; edge recovered from another ER row: NO"
"PP-PI:ER#33","PP-PI","33","PLKO","TCA01","TCA01","PLKO(FK)->TCA01(PK) card= join=FROM PLKO JOIN TCA01 ON PLKO.PROFIDNETZ = TCA01.PROFIDNETZ","—","MISSING","GENERATOR MIS-PARSE (upstream of NEO): the sheet's column-1 says ""TCA01"" but the JOIN sentence reads FROM PLKO JOIN TCA01. scripts/extract-xlsx.mjs sets child=column-1 and parent=JOIN-token, so both become ""TCA01"" and data/sapData.ts stores role=child,table=<self>. The real edge TCA01>PLKO therefore exists in NEITHER build. OLD: lib/knowledge-graph.ts:33 has no self filter on upstream, so /object/TCA01/ renders a self-loop chip ""TCA01"" (verified via kgraph()). NEW: model.ts edges() skips r.table===self and danglingFor() skips it too, so /neo/tables and /neo/object render nothing at all. Root cause is the generator, not NEO; NEO is a rendering regression only in that OLD at least surfaced the corrupt self-loop.; ends documented: PLKO=true TCA01=true; edge recovered from another ER row: NO"
"PP-PI:ER#34","PP-PI","34","MKAL","MARC","MKAL","MKAL(FK)->MARC(PK) card= join=FROM MKAL JOIN MARC ON MKAL.MATNR = MARC.MATNR AND MKAL.WERKS = MARC.WERKS","edge MARC>MKAL kind=unstated mods=PP-PI says=1 contested=false","EXACT","NO join fields: the PP-PI 'ER - Join Map' sheet has no FK/PK/cardinality columns at all — a SOURCE gap, not a NEO loss; rendered: /neo/tables/MARC/ + /neo/tables/MKAL/ + /neo/object/* = yes; /neo/erd/ = yes; /neo/studio = yes"
"PP-PI:ER#35","PP-PI","35","CRTX","CRHD","CRTX","CRTX(FK)->CRHD(PK) card= join=FROM CRTX JOIN CRHD ON CRTX.OBJID = CRHD.OBJID AND CRTX.OBJTY = CRHD.OBJTY","edge CRHD>CRTX kind=n-1 mods=PM+PP-PI says=2 contested=false","TRANSFORMED","DUPLICATE: the ER map states 2 rows for the same CRHD>CRTX pair; NEO collapses them into ONE edge with 2 says; NO join fields: the PP-PI 'ER - Join Map' sheet has no FK/PK/cardinality columns at all — a SOURCE gap, not a NEO loss; rendered: /neo/tables/CRHD/ + /neo/tables/CRTX/ + /neo/object/* = yes; /neo/erd/ = yes; /neo/studio = yes"
"PP-PI:ER#36","PP-PI","36","CRCO","CRHD","CRCO","CRCO(FK)->CRHD(PK) card= join=FROM CRCO JOIN CRHD ON CRCO.OBJID = CRHD.OBJID AND CRCO.OBJTY = CRHD.OBJTY","edge CRHD>CRCO kind=unstated mods=PP-PI says=1 contested=false","EXACT","NO join fields: the PP-PI 'ER - Join Map' sheet has no FK/PK/cardinality columns at all — a SOURCE gap, not a NEO loss; rendered: /neo/tables/CRHD/ + /neo/tables/CRCO/ + /neo/object/* = yes; /neo/erd/ = yes; /neo/studio = yes"
"PP-PI:ER#37","PP-PI","37","CRCA","CRHD","CRCA","CRCA(FK)->CRHD(PK) card= join=FROM CRCA JOIN CRHD ON CRCA.OBJID = CRHD.OBJID AND CRCA.OBJTY = CRHD.OBJTY","edge CRHD>CRCA kind=unstated mods=PP-PI says=1 contested=false","EXACT","NO join fields: the PP-PI 'ER - Join Map' sheet has no FK/PK/cardinality columns at all — a SOURCE gap, not a NEO loss; rendered: /neo/tables/CRHD/ + /neo/tables/CRCA/ + /neo/object/* = yes; /neo/erd/ = yes; /neo/studio = yes"
"PP-PI:ER#38","PP-PI","38","KAKO","CRCA","KAKO","KAKO(FK)->CRCA(PK) card= join=FROM KAKO JOIN CRCA ON KAKO.KAPID = CRCA.KAPID","edge CRCA>KAKO kind=unstated mods=PP-PI says=1 contested=false","EXACT","NO join fields: the PP-PI 'ER - Join Map' sheet has no FK/PK/cardinality columns at all — a SOURCE gap, not a NEO loss; rendered: /neo/tables/CRCA/ + /neo/tables/KAKO/ + /neo/object/* = yes; /neo/erd/ = yes; /neo/studio = yes"
"PP-PI:ER#39","PP-PI","39","FHMI","CRFH","CRFH","FHMI(FK)->CRFH(PK) card= join=FROM FHMI JOIN CRFH ON FHMI.FHMNR = CRFH.FHMNR","—","MISSING","GENERATOR MIS-PARSE (upstream of NEO): the sheet's column-1 says ""CRFH"" but the JOIN sentence reads FROM FHMI JOIN CRFH. scripts/extract-xlsx.mjs sets child=column-1 and parent=JOIN-token, so both become ""CRFH"" and data/sapData.ts stores role=child,table=<self>. The real edge CRFH>FHMI therefore exists in NEITHER build. OLD: lib/knowledge-graph.ts:33 has no self filter on upstream, so /object/CRFH/ renders a self-loop chip ""CRFH"" (verified via kgraph()). NEW: model.ts edges() skips r.table===self and danglingFor() skips it too, so /neo/tables and /neo/object render nothing at all. Root cause is the generator, not NEO; NEO is a rendering regression only in that OLD at least surfaced the corrupt self-loop.; ends documented: FHMI=true CRFH=true; edge recovered from another ER row: NO"
"PP-PI:ER#40","PP-PI","40","CRVD_A","CRHD","CRVD_A","CRVD_A(FK)->CRHD(PK) card= join=FROM CRVD_A JOIN CRHD ON CRVD_A.OBJID = CRHD.OBJID","edge CRHD>CRVD_A kind=unstated mods=PP-PI says=1 contested=false","EXACT","NO join fields: the PP-PI 'ER - Join Map' sheet has no FK/PK/cardinality columns at all — a SOURCE gap, not a NEO loss; rendered: /neo/tables/CRHD/ + /neo/tables/CRVD_A/ + /neo/object/* = yes; /neo/erd/ = yes; /neo/studio = yes"
"PP-PI:ER#41","PP-PI","41","CSLA","CRCO","CSLA","CSLA(FK)->CRCO(PK) card= join=FROM CSLA JOIN CRCO ON CSLA.LSTAR = CRCO.LSTAR","edge CRCO>CSLA kind=unstated mods=PP-PI says=1 contested=false","EXACT","NO join fields: the PP-PI 'ER - Join Map' sheet has no FK/PK/cardinality columns at all — a SOURCE gap, not a NEO loss; rendered: /neo/tables/CRCO/ + /neo/tables/CSLA/ + /neo/object/* = yes; /neo/erd/ = yes; /neo/studio = yes"
"PP-PI:ER#42","PP-PI","42","KAZT","KAKO","KAZT","KAZT(FK)->KAKO(PK) card= join=FROM KAZT JOIN KAKO ON KAZT.KAPID = KAKO.KAPID","edge KAKO>KAZT kind=unstated mods=PP-PI says=1 contested=false","EXACT","NO join fields: the PP-PI 'ER - Join Map' sheet has no FK/PK/cardinality columns at all — a SOURCE gap, not a NEO loss; rendered: /neo/tables/KAKO/ + /neo/tables/KAZT/ + /neo/object/* = yes; /neo/erd/ = yes; /neo/studio = yes"
"PP-PI:ER#43","PP-PI","43","AFKO","AUFK","AFKO","AFKO(FK)->AUFK(PK) card= join=FROM AFKO JOIN AUFK ON AFKO.AUFNR = AUFK.AUFNR","edge AUFK>AFKO kind=1-1 mods=PP-PI+PM says=2 contested=false","TRANSFORMED","DUPLICATE: the ER map states 2 rows for the same AUFK>AFKO pair; NEO collapses them into ONE edge with 2 says; NO join fields: the PP-PI 'ER - Join Map' sheet has no FK/PK/cardinality columns at all — a SOURCE gap, not a NEO loss; rendered: /neo/tables/AUFK/ + /neo/tables/AFKO/ + /neo/object/* = yes; /neo/erd/ = yes; /neo/studio = yes"
"PP-PI:ER#44","PP-PI","44","AFPO","AFKO","AFPO","AFPO(FK)->AFKO(PK) card= join=FROM AFPO JOIN AFKO ON AFPO.AUFNR = AFKO.AUFNR","edge AFKO>AFPO kind=unstated mods=PP-PI says=1 contested=false","EXACT","NO join fields: the PP-PI 'ER - Join Map' sheet has no FK/PK/cardinality columns at all — a SOURCE gap, not a NEO loss; rendered: /neo/tables/AFKO/ + /neo/tables/AFPO/ + /neo/object/* = yes; /neo/erd/ = yes; /neo/studio = yes"
"PP-PI:ER#45","PP-PI","45","AFVC","AFKO","AFVC","AFVC(FK)->AFKO(PK) card= join=FROM AFVC JOIN AFKO ON AFVC.AUFPL = AFKO.AUFPL","edge AFKO>AFVC kind=n-1 mods=PM+PP-PI says=2 contested=false","TRANSFORMED","DUPLICATE: the ER map states 2 rows for the same AFKO>AFVC pair; NEO collapses them into ONE edge with 2 says; NO join fields: the PP-PI 'ER - Join Map' sheet has no FK/PK/cardinality columns at all — a SOURCE gap, not a NEO loss; rendered: /neo/tables/AFKO/ + /neo/tables/AFVC/ + /neo/object/* = yes; /neo/erd/ = yes; /neo/studio = yes"
"PP-PI:ER#46","PP-PI","46","RESB","AFKO","RESB","RESB(FK)->AFKO(PK) card= join=FROM RESB JOIN AFKO ON RESB.AUFNR = AFKO.AUFNR","edge AFKO>RESB kind=unstated mods=PP-PI says=1 contested=false","EXACT","NO join fields: the PP-PI 'ER - Join Map' sheet has no FK/PK/cardinality columns at all — a SOURCE gap, not a NEO loss; rendered: /neo/tables/AFKO/ + /neo/tables/RESB/ + /neo/object/* = yes; /neo/erd/ = yes; /neo/studio = yes"
"PP-PI:ER#47","PP-PI","47","AFRU","AFKO","AFRU","AFRU(FK)->AFKO(PK) card= join=FROM AFRU JOIN AFKO ON AFRU.AUFNR = AFKO.AUFNR","edge AFKO>AFRU kind=unstated mods=PP-PI says=1 contested=false","EXACT","NO join fields: the PP-PI 'ER - Join Map' sheet has no FK/PK/cardinality columns at all — a SOURCE gap, not a NEO loss; rendered: /neo/tables/AFKO/ + /neo/tables/AFRU/ + /neo/object/* = yes; /neo/erd/ = yes; /neo/studio = yes"
"PP-PI:ER#48","PP-PI","48","AFFH","AFKO","AFFH","AFFH(FK)->AFKO(PK) card= join=FROM AFFH JOIN AFKO ON AFFH.AUFPL = AFKO.AUFPL","edge AFKO>AFFH kind=unstated mods=PP-PI says=1 contested=false","EXACT","NO join fields: the PP-PI 'ER - Join Map' sheet has no FK/PK/cardinality columns at all — a SOURCE gap, not a NEO loss; rendered: /neo/tables/AFKO/ + /neo/tables/AFFH/ + /neo/object/* = yes; /neo/erd/ = yes; /neo/studio = yes"
"PP-PI:ER#49","PP-PI","49","AFFL","AFKO","AFFL","AFFL(FK)->AFKO(PK) card= join=FROM AFFL JOIN AFKO ON AFFL.AUFPL = AFKO.AUFPL","edge AFKO>AFFL kind=unstated mods=PP-PI says=1 contested=false","EXACT","NO join fields: the PP-PI 'ER - Join Map' sheet has no FK/PK/cardinality columns at all — a SOURCE gap, not a NEO loss; rendered: /neo/tables/AFKO/ + /neo/tables/AFFL/ + /neo/object/* = yes; /neo/erd/ = yes; /neo/studio = yes"
"PP-PI:ER#50","PP-PI","50","MARA","T134","T134","MARA(FK)->T134(PK) card= join=FROM MARA JOIN T134 ON MARA.MTART = T134.MTART","—","MISSING","GENERATOR MIS-PARSE (upstream of NEO): the sheet's column-1 says ""T134"" but the JOIN sentence reads FROM MARA JOIN T134. scripts/extract-xlsx.mjs sets child=column-1 and parent=JOIN-token, so both become ""T134"" and data/sapData.ts stores role=child,table=<self>. The real edge T134>MARA therefore exists in NEITHER build. OLD: lib/knowledge-graph.ts:33 has no self filter on upstream, so /object/T134/ renders a self-loop chip ""T134"" (verified via kgraph()). NEW: model.ts edges() skips r.table===self and danglingFor() skips it too, so /neo/tables and /neo/object render nothing at all. Root cause is the generator, not NEO; NEO is a rendering regression only in that OLD at least surfaced the corrupt self-loop.; ends documented: MARA=true T134=true; edge recovered from another ER row: NO"
"PP-PI:ER#51","PP-PI","51","T134T","T134","T134T","T134T(FK)->T134(PK) card= join=FROM T134T JOIN T134 ON T134T.MTART = T134.MTART","edge T134>T134T kind=unstated mods=PP-PI says=1 contested=false","EXACT","NO join fields: the PP-PI 'ER - Join Map' sheet has no FK/PK/cardinality columns at all — a SOURCE gap, not a NEO loss; rendered: /neo/tables/T134/ + /neo/tables/T134T/ + /neo/object/* = yes; /neo/erd/ = yes; /neo/studio = yes"
"PP-PI:ER#52","PP-PI","52","MARA","T023","T023","MARA(FK)->T023(PK) card= join=FROM MARA JOIN T023 ON MARA.MATKL = T023.MATKL","—","MISSING","GENERATOR MIS-PARSE (upstream of NEO): the sheet's column-1 says ""T023"" but the JOIN sentence reads FROM MARA JOIN T023. scripts/extract-xlsx.mjs sets child=column-1 and parent=JOIN-token, so both become ""T023"" and data/sapData.ts stores role=child,table=<self>. The real edge T023>MARA therefore exists in NEITHER build. OLD: lib/knowledge-graph.ts:33 has no self filter on upstream, so /object/T023/ renders a self-loop chip ""T023"" (verified via kgraph()). NEW: model.ts edges() skips r.table===self and danglingFor() skips it too, so /neo/tables and /neo/object render nothing at all. Root cause is the generator, not NEO; NEO is a rendering regression only in that OLD at least surfaced the corrupt self-loop.; ends documented: MARA=true T023=true; edge recovered from another ER row: NO"
"PP-PI:ER#53","PP-PI","53","T023T","T023","T023T","T023T(FK)->T023(PK) card= join=FROM T023T JOIN T023 ON T023T.MATKL = T023.MATKL","edge T023>T023T kind=unstated mods=PP-PI says=1 contested=false","EXACT","NO join fields: the PP-PI 'ER - Join Map' sheet has no FK/PK/cardinality columns at all — a SOURCE gap, not a NEO loss; rendered: /neo/tables/T023/ + /neo/tables/T023T/ + /neo/object/* = yes; /neo/erd/ = yes; /neo/studio = yes"
"PP-PI:ER#54","PP-PI","54","AUFK","T399X","T399X","AUFK(FK)->T399X(PK) card= join=FROM AUFK JOIN T399X ON AUFK.WERKS = T399X.WERKS AND AUFK.AUART = T399X.AUART","—","MISSING","GENERATOR MIS-PARSE (upstream of NEO): the sheet's column-1 says ""T399X"" but the JOIN sentence reads FROM AUFK JOIN T399X. scripts/extract-xlsx.mjs sets child=column-1 and parent=JOIN-token, so both become ""T399X"" and data/sapData.ts stores role=child,table=<self>. The real edge T399X>AUFK therefore exists in NEITHER build. OLD: lib/knowledge-graph.ts:33 has no self filter on upstream, so /object/T399X/ renders a self-loop chip ""T399X"" (verified via kgraph()). NEW: model.ts edges() skips r.table===self and danglingFor() skips it too, so /neo/tables and /neo/object render nothing at all. Root cause is the generator, not NEO; NEO is a rendering regression only in that OLD at least surfaced the corrupt self-loop.; ends documented: AUFK=true T399X=true; edge recovered from another ER row: NO"
"PP-PI:ER#55","PP-PI","55","T399X","TCK03","TCK03","T399X(FK)->TCK03(PK) card= join=FROM T399X JOIN TCK03 ON T399X.KLVARP = TCK03.KLVAR","—","MISSING","GENERATOR MIS-PARSE (upstream of NEO): the sheet's column-1 says ""TCK03"" but the JOIN sentence reads FROM T399X JOIN TCK03. scripts/extract-xlsx.mjs sets child=column-1 and parent=JOIN-token, so both become ""TCK03"" and data/sapData.ts stores role=child,table=<self>. The real edge TCK03>T399X therefore exists in NEITHER build. OLD: lib/knowledge-graph.ts:33 has no self filter on upstream, so /object/TCK03/ renders a self-loop chip ""TCK03"" (verified via kgraph()). NEW: model.ts edges() skips r.table===self and danglingFor() skips it too, so /neo/tables and /neo/object render nothing at all. Root cause is the generator, not NEO; NEO is a rendering regression only in that OLD at least surfaced the corrupt self-loop.; ends documented: T399X=true TCK03=true; edge recovered from another ER row: NO"
"PP-PI:ER#56","PP-PI","56","MARC","T438M","T438M","MARC(FK)->T438M(PK) card= join=FROM MARC JOIN T438M ON MARC.DISMM = T438M.DISMM","—","MISSING","GENERATOR MIS-PARSE (upstream of NEO): the sheet's column-1 says ""T438M"" but the JOIN sentence reads FROM MARC JOIN T438M. scripts/extract-xlsx.mjs sets child=column-1 and parent=JOIN-token, so both become ""T438M"" and data/sapData.ts stores role=child,table=<self>. The real edge T438M>MARC therefore exists in NEITHER build. OLD: lib/knowledge-graph.ts:33 has no self filter on upstream, so /object/T438M/ renders a self-loop chip ""T438M"" (verified via kgraph()). NEW: model.ts edges() skips r.table===self and danglingFor() skips it too, so /neo/tables and /neo/object render nothing at all. Root cause is the generator, not NEO; NEO is a rendering regression only in that OLD at least surfaced the corrupt self-loop.; ends documented: MARC=true T438M=true; edge recovered from another ER row: NO"
"PP-PI:ER#57","PP-PI","57","AUFK","T003O","T003O","AUFK(FK)->T003O(PK) card= join=FROM AUFK JOIN T003O ON AUFK.AUART = T003O.AUART","edge T003O>AUFK (recovered from a different ER row) kind=n-1 says=1","PARTIAL","GENERATOR MIS-PARSE (upstream of NEO): the sheet's column-1 says ""T003O"" but the JOIN sentence reads FROM AUFK JOIN T003O. scripts/extract-xlsx.mjs sets child=column-1 and parent=JOIN-token, so both become ""T003O"" and data/sapData.ts stores role=child,table=<self>. The real edge T003O>AUFK therefore exists in NEITHER build. OLD: lib/knowledge-graph.ts:33 has no self filter on upstream, so /object/T003O/ renders a self-loop chip ""T003O"" (verified via kgraph()). NEW: model.ts edges() skips r.table===self and danglingFor() skips it too, so /neo/tables and /neo/object render nothing at all. Root cause is the generator, not NEO; NEO is a rendering regression only in that OLD at least surfaced the corrupt self-loop.; ends documented: AUFK=true T003O=true; edge recovered from another ER row: YES (T003O>AUFK)"
"PP-PI:ER#58","PP-PI","58","TCO01","T003O","TCO01","TCO01(FK)->T003O(PK) card= join=FROM TCO01 JOIN T003O ON TCO01.AUART = T003O.AUART","edge T003O>TCO01 kind=unstated mods=PP-PI says=1 contested=false","EXACT","NO join fields: the PP-PI 'ER - Join Map' sheet has no FK/PK/cardinality columns at all — a SOURCE gap, not a NEO loss; rendered: /neo/tables/T003O/ + /neo/tables/TCO01/ + /neo/object/* = yes; /neo/erd/ = yes; /neo/studio = yes"
"PP-PI:ER#59","PP-PI","59","JEST","TJ30","TJ30","JEST(FK)->TJ30(PK) card= join=FROM JEST JOIN TJ30 ON JEST.STAT = TJ30.ESTAT","—","MISSING","GENERATOR MIS-PARSE (upstream of NEO): the sheet's column-1 says ""TJ30"" but the JOIN sentence reads FROM JEST JOIN TJ30. scripts/extract-xlsx.mjs sets child=column-1 and parent=JOIN-token, so both become ""TJ30"" and data/sapData.ts stores role=child,table=<self>. The real edge TJ30>JEST therefore exists in NEITHER build. OLD: lib/knowledge-graph.ts:33 has no self filter on upstream, so /object/TJ30/ renders a self-loop chip ""TJ30"" (verified via kgraph()). NEW: model.ts edges() skips r.table===self and danglingFor() skips it too, so /neo/tables and /neo/object render nothing at all. Root cause is the generator, not NEO; NEO is a rendering regression only in that OLD at least surfaced the corrupt self-loop.; ends documented: JEST=true TJ30=true; edge recovered from another ER row: NO"
"PP-PI:ER#60","PP-PI","60","TJ30T","TJ30","TJ30T","TJ30T(FK)->TJ30(PK) card= join=FROM TJ30T JOIN TJ30 ON TJ30T.STSMA = TJ30.STSMA AND TJ30T.ESTAT = TJ30.ESTAT","edge TJ30>TJ30T kind=unstated mods=PP-PI says=1 contested=false","EXACT","NO join fields: the PP-PI 'ER - Join Map' sheet has no FK/PK/cardinality columns at all — a SOURCE gap, not a NEO loss; rendered: /neo/tables/TJ30/ + /neo/tables/TJ30T/ + /neo/object/* = yes; /neo/erd/ = yes; /neo/studio = yes"
"PP-PI:ER#61","PP-PI","61","EKKO","BUT000","BUT000","EKKO(FK)->BUT000(PK) card= join=FROM EKKO JOIN BUT000 ON EKKO.LIFNR = BUT000.PARTNER","—","MISSING","GENERATOR MIS-PARSE (upstream of NEO): the sheet's column-1 says ""BUT000"" but the JOIN sentence reads FROM EKKO JOIN BUT000. scripts/extract-xlsx.mjs sets child=column-1 and parent=JOIN-token, so both become ""BUT000"" and data/sapData.ts stores role=child,table=<self>. The real edge BUT000>EKKO therefore exists in NEITHER build. OLD: lib/knowledge-graph.ts:33 has no self filter on upstream, so /object/BUT000/ renders a self-loop chip ""BUT000"" (verified via kgraph()). NEW: model.ts edges() skips r.table===self and danglingFor() skips it too, so /neo/tables and /neo/object render nothing at all. Root cause is the generator, not NEO; NEO is a rendering regression only in that OLD at least surfaced the corrupt self-loop.; ends documented: EKKO=false BUT000=true; edge recovered from another ER row: NO"
"PP-PI:ER#62","PP-PI","62","PLPO","TC22","TC22","PLPO(FK)->TC22(PK) card= join=FROM PLPO JOIN TC22 ON PLPO.STEUS = TC22.STEUS","—","MISSING","GENERATOR MIS-PARSE (upstream of NEO): the sheet's column-1 says ""TC22"" but the JOIN sentence reads FROM PLPO JOIN TC22. scripts/extract-xlsx.mjs sets child=column-1 and parent=JOIN-token, so both become ""TC22"" and data/sapData.ts stores role=child,table=<self>. The real edge TC22>PLPO therefore exists in NEITHER build. OLD: lib/knowledge-graph.ts:33 has no self filter on upstream, so /object/TC22/ renders a self-loop chip ""TC22"" (verified via kgraph()). NEW: model.ts edges() skips r.table===self and danglingFor() skips it too, so /neo/tables and /neo/object render nothing at all. Root cause is the generator, not NEO; NEO is a rendering regression only in that OLD at least surfaced the corrupt self-loop.; ends documented: PLPO=true TC22=true; edge recovered from another ER row: NO"
"PP-PI:ER#63","PP-PI","63","JEST","AUFK","JEST","JEST(FK)->AUFK(PK) card= join=FROM JEST JOIN AUFK ON JEST.OBJNR = AUFK.OBJNR","edge AUFK>JEST kind=unstated mods=PP-PI says=1 contested=false","EXACT","NO join fields: the PP-PI 'ER - Join Map' sheet has no FK/PK/cardinality columns at all — a SOURCE gap, not a NEO loss; rendered: /neo/tables/AUFK/ + /neo/tables/JEST/ + /neo/object/* = yes; /neo/erd/ = yes; /neo/studio = yes"
"PP-PI:ER#64","PP-PI","64","JSTO","AUFK","JSTO","JSTO(FK)->AUFK(PK) card= join=FROM JSTO JOIN AUFK ON JSTO.OBJNR = AUFK.OBJNR","edge AUFK>JSTO kind=unstated mods=PP-PI says=1 contested=true","TRANSFORMED","CONTESTED: the opposite edge JSTO>AUFK is also recorded; NEO keeps both and flags it; NO join fields: the PP-PI 'ER - Join Map' sheet has no FK/PK/cardinality columns at all — a SOURCE gap, not a NEO loss; rendered: /neo/tables/AUFK/ + /neo/tables/JSTO/ + /neo/object/* = yes; /neo/erd/ = yes; /neo/studio = yes"
"PP-PI:ER#65","PP-PI","65","JEST","TJ02T","TJ02T","JEST(FK)->TJ02T(PK) card= join=FROM JEST JOIN TJ02T ON JEST.STAT = TJ02T.ISTAT","—","MISSING","GENERATOR MIS-PARSE (upstream of NEO): the sheet's column-1 says ""TJ02T"" but the JOIN sentence reads FROM JEST JOIN TJ02T. scripts/extract-xlsx.mjs sets child=column-1 and parent=JOIN-token, so both become ""TJ02T"" and data/sapData.ts stores role=child,table=<self>. The real edge TJ02T>JEST therefore exists in NEITHER build. OLD: lib/knowledge-graph.ts:33 has no self filter on upstream, so /object/TJ02T/ renders a self-loop chip ""TJ02T"" (verified via kgraph()). NEW: model.ts edges() skips r.table===self and danglingFor() skips it too, so /neo/tables and /neo/object render nothing at all. Root cause is the generator, not NEO; NEO is a rendering regression only in that OLD at least surfaced the corrupt self-loop.; ends documented: JEST=true TJ02T=true; edge recovered from another ER row: NO"
